,season,player_id,player,pos,age,tm,g,gs,mp_per_game,fg_per_game,fga_per_game,fg_percent,x3p_percent,x2p_percent,e_fg_percent,ft_percent,orb_per_game,drb_per_game,trb_per_game,ast_per_game,stl_per_game,blk_per_game,tov_per_game,pf_per_game,pts_per_game
0,2023,5025,A.J. Green,SG,23.0,MIL,35,1.0,9.9,1.5,3.6,0.424,0.419,0.45,0.6,1.0,0.2,1.1,1.3,0.6,0.2,0.0,0.3,0.9,4.4
1,2023,5026,A.J. Lawson,SG,22.0,TOT,15,0.0,7.2,1.5,2.9,0.5,0.4,0.632,0.614,0.25,0.4,1.0,1.4,0.1,0.1,0.0,0.2,0.7,3.7
4,2023,4219,Aaron Gordon,PF,27.0,DEN,68,68.0,30.2,6.3,11.2,0.564,0.347,0.628,0.603,0.608,2.4,4.1,6.6,3.0,0.8,0.8,1.4,1.9,16.3
5,2023,4582,Aaron Holiday,PG,26.0,ATL,63,6.0,13.4,1.5,3.5,0.418,0.409,0.424,0.5,0.844,0.4,0.8,1.2,1.4,0.6,0.2,0.6,1.3,3.9
6,2023,4805,Aaron Nesmith,SF,23.0,IND,73,60.0,24.9,3.5,8.1,0.427,0.366,0.496,0.525,0.838,0.8,2.9,3.8,1.3,0.8,0.5,1.0,3.2,10.1
7,2023,4900,Aaron Wiggins,SG,24.0,OKC,70,14.0,18.5,2.7,5.2,0.512,0.393,0.573,0.579,0.831,1.0,2.0,3.0,1.1,0.6,0.2,0.8,1.6,6.8
8,2023,4688,Admiral Schofield,PF,25.0,ORL,37,0.0,12.2,1.5,3.3,0.451,0.324,0.646,0.549,0.913,0.6,1.1,1.7,0.8,0.2,0.1,0.4,1.6,4.2
9,2023,5027,AJ Griffin,SF,19.0,ATL,72,12.0,19.5,3.4,7.4,0.465,0.39,0.536,0.56,0.894,0.5,1.6,2.1,1.0,0.6,0.2,0.6,1.2,8.9
10,2023,3734,Al Horford,C,36.0,BOS,63,63.0,30.5,3.6,7.6,0.476,0.446,0.539,0.627,0.714,1.2,5.0,6.2,3.0,0.5,1.0,0.6,1.9,9.8
11,2023,3982,Alec Burks,SG,31.0,DET,51,8.0,22.0,3.9,9.0,0.436,0.414,0.459,0.544,0.814,0.4,2.7,3.1,2.2,0.7,0.2,1.1,1.9,12.8
12,2023,4806,Aleksej Pokusevski,PF,21.0,OKC,34,25.0,20.6,3.2,7.3,0.434,0.365,0.483,0.51,0.629,1.3,3.4,4.7,1.9,0.6,1.3,1.3,1.7,8.1
13,2023,4465,Alex Caruso,PG,28.0,CHI,67,36.0,23.5,1.9,4.3,0.455,0.364,0.556,0.551,0.808,0.6,2.3,2.9,2.9,1.5,0.7,1.1,2.4,5.6
14,2023,4142,Alex Len,C,29.0,SAC,26,2.0,6.2,0.6,1.2,0.533,0.0,0.571,0.533,0.688,0.9,1.4,2.3,0.5,0.2,0.4,0.6,1.1,1.7
15,2023,4583,Alize Johnson,PF,26.0,SAS,4,0.0,7.5,0.8,1.5,0.5,0.0,0.75,0.5,0.5,0.5,2.0,2.5,0.3,0.3,0.0,1.0,0.8,1.8
16,2023,5028,Alondes Williams,SG,23.0,BRK,1,0.0,5.0,0.0,0.0,1000.0,1000.0,1000.0,1000.0,1000.0,0.0,1.0,1.0,0.0,0.0,0.0,2.0,1.0,0.0
17,2023,4904,Alperen Şengün,C,20.0,HOU,75,72.0,28.9,5.9,10.7,0.553,0.333,0.57,0.565,0.715,3.2,5.8,9.0,3.9,0.9,0.9,2.6,3.4,14.8
18,2023,4690,Amir Coffey,SG,25.0,LAC,50,9.0,12.5,1.1,2.9,0.386,0.275,0.429,0.424,0.778,0.3,0.7,1.1,1.1,0.1,0.1,0.4,1.0,3.4
19,2023,4064,Andre Drummond,C,29.0,CHI,67,0.0,12.7,2.5,4.1,0.606,0.0,0.613,0.606,0.536,2.1,4.6,6.6,0.5,0.7,0.4,1.1,1.7,6.0
20,2023,3500,Andre Iguodala,SF,39.0,GSW,8,0.0,14.1,0.9,1.9,0.467,0.111,1.0,0.5,0.667,0.4,1.8,2.1,2.4,0.5,0.4,1.1,1.4,2.1
21,2023,5029,Andrew Nembhard,SG,23.0,IND,75,63.0,27.6,3.8,8.6,0.441,0.35,0.504,0.512,0.79,0.5,2.2,2.7,4.5,0.9,0.2,1.7,2.4,9.5
22,2023,4223,Andrew Wiggins,SF,27.0,GSW,37,37.0,32.2,6.8,14.3,0.473,0.396,0.53,0.557,0.611,1.6,3.4,5.0,2.3,1.2,0.8,1.3,2.9,17.1
23,2023,4586,Anfernee Simons,SG,23.0,POR,62,62.0,35.0,7.5,16.9,0.447,0.377,0.528,0.548,0.894,0.3,2.3,2.6,4.1,0.7,0.2,2.1,2.3,21.1
24,2023,4066,Anthony Davis,C,29.0,LAL,56,54.0,34.0,9.7,17.2,0.563,0.257,0.589,0.573,0.784,3.5,9.1,12.5,2.6,1.1,2.0,2.2,2.6,25.9
25,2023,4808,Anthony Edwards,SG,21.0,MIN,79,79.0,36.0,8.9,19.5,0.459,0.369,0.513,0.528,0.756,0.6,5.2,5.8,4.4,1.6,0.7,3.3,2.4,24.6
26,2023,4809,Anthony Gill,PF,30.0,WAS,59,8.0,10.6,1.2,2.2,0.538,0.138,0.65,0.553,0.731,0.6,1.1,1.7,0.6,0.1,0.2,0.3,1.2,3.3
27,2023,4810,Anthony Lamb,SF,25.0,GSW,62,4.0,19.3,2.4,5.1,0.471,0.367,0.652,0.588,0.767,0.9,2.6,3.5,1.5,0.5,0.3,0.9,2.2,6.7
28,2023,4906,Austin Reaves,SG,24.0,LAL,64,22.0,28.8,4.0,7.7,0.529,0.398,0.631,0.616,0.864,0.5,2.5,3.0,3.4,0.5,0.3,1.5,1.7,13.0
29,2023,4069,Austin Rivers,SG,30.0,MIN,52,10.0,19.5,1.8,4.0,0.435,0.35,0.558,0.538,0.769,0.1,1.5,1.6,1.4,0.5,0.1,0.4,1.5,4.9
30,2023,4907,Ayo Dosunmu,SG,23.0,CHI,80,51.0,26.2,3.5,7.1,0.493,0.312,0.583,0.545,0.805,0.6,2.2,2.8,2.6,0.8,0.3,1.2,2.3,8.6
31,2023,4472,Bam Adebayo,C,25.0,MIA,75,75.0,34.6,8.0,14.9,0.54,0.083,0.545,0.541,0.806,2.5,6.7,9.2,3.2,1.2,0.8,2.5,2.8,20.4
32,2023,4474,Ben Simmons,PG,26.0,BRK,42,33.0,26.3,3.2,5.6,0.566,0.0,0.571,0.566,0.439,1.0,5.3,6.3,6.1,1.3,0.6,2.3,3.3,6.9
33,2023,5030,Bennedict Mathurin,SF,20.0,IND,78,17.0,28.5,5.3,12.2,0.434,0.323,0.488,0.487,0.828,1.1,3.0,4.1,1.5,0.6,0.2,1.9,2.1,16.7
34,2023,3984,Bismack Biyombo,C,30.0,PHO,61,14.0,14.3,2.0,3.4,0.578,1000.0,0.578,0.578,0.357,1.5,2.8,4.3,0.9,0.3,1.4,0.8,1.9,4.3
35,2023,3920,Blake Griffin,C,33.0,BOS,41,16.0,13.9,1.5,3.2,0.485,0.348,0.625,0.573,0.656,1.1,2.6,3.8,1.5,0.3,0.2,0.5,1.8,4.1
36,2023,5031,Blake Wesley,SG,19.0,SAS,37,1.0,18.1,1.9,5.8,0.321,0.385,0.301,0.367,0.591,0.3,1.9,2.2,2.7,0.7,0.1,1.8,1.8,5.0
37,2023,4306,Boban Marjanović,C,34.0,HOU,31,0.0,5.5,1.3,1.9,0.683,0.0,0.695,0.683,0.741,0.6,1.3,1.9,0.3,0.2,0.1,0.5,0.3,3.3
38,2023,4307,Bobby Portis,PF,27.0,MIL,70,22.0,26.0,5.7,11.5,0.496,0.37,0.555,0.555,0.768,2.2,7.4,9.6,1.5,0.4,0.2,1.2,1.6,14.1
39,2023,4475,Bogdan Bogdanović,SG,30.0,ATL,54,9.0,27.9,5.1,11.3,0.447,0.406,0.506,0.566,0.831,0.4,2.6,3.1,2.8,0.8,0.3,1.2,1.6,14.0
40,2023,4224,Bojan Bogdanović,PF,33.0,DET,59,59.0,32.1,7.3,14.9,0.488,0.411,0.539,0.57,0.884,0.6,3.2,3.8,2.6,0.6,0.1,2.3,1.9,21.6
41,2023,4692,Bol Bol,PF,23.0,ORL,70,33.0,21.5,3.7,6.8,0.546,0.265,0.633,0.577,0.759,1.0,4.8,5.8,1.0,0.4,1.2,1.6,1.3,9.1
42,2023,4908,Bones Hyland,PG,22.0,TOT,56,1.0,19.4,4.1,10.2,0.399,0.371,0.434,0.502,0.843,0.4,2.1,2.4,3.1,0.7,0.3,1.5,1.7,11.8
45,2023,4072,Bradley Beal,SG,29.0,WAS,50,50.0,33.5,8.9,17.6,0.506,0.365,0.552,0.551,0.842,0.8,3.1,3.9,5.4,0.9,0.7,2.9,2.1,23.2
46,2023,4909,Brandon Boston Jr.,SG,21.0,LAC,22,1.0,11.3,2.3,5.5,0.418,0.414,0.419,0.467,0.763,0.3,1.0,1.4,0.9,0.4,0.0,0.5,1.0,6.5
47,2023,4693,Brandon Clarke,PF,26.0,MEM,56,8.0,19.5,4.1,6.2,0.656,0.167,0.665,0.658,0.723,1.6,3.9,5.5,1.3,0.6,0.7,1.0,2.3,10.0
48,2023,4379,Brandon Ingram,SF,25.0,NOP,45,45.0,34.2,9.0,18.6,0.484,0.39,0.507,0.522,0.882,0.5,5.0,5.5,5.8,0.7,0.4,3.3,2.6,24.7
49,2023,4911,Braxton Key,SF,25.0,DET,3,0.0,3.0,0.3,0.3,1.0,1000.0,1.0,1.0,1.0,0.0,0.3,0.3,0.0,0.0,0.0,0.0,0.0,1.3
50,2023,3801,Brook Lopez,C,34.0,MIL,78,78.0,30.4,6.1,11.5,0.531,0.374,0.637,0.606,0.784,2.0,4.7,6.7,1.3,0.5,2.5,1.4,2.6,15.9
51,2023,4594,Bruce Brown,SG,26.0,DEN,80,31.0,28.5,4.5,9.3,0.483,0.358,0.548,0.545,0.758,0.8,3.3,4.1,3.4,1.1,0.6,1.5,2.4,11.5
52,2023,4695,Bruno Fernando,C,24.0,TOT,39,4.0,10.4,1.5,2.9,0.527,0.0,0.546,0.527,0.7,1.4,2.1,3.5,0.8,0.2,0.9,0.6,1.9,3.9
55,2023,5032,Bryce McGowens,SG,20.0,CHO,46,7.0,17.1,1.7,4.4,0.396,0.325,0.443,0.46,0.75,0.4,1.6,2.0,1.2,0.3,0.1,0.9,1.0,5.3
56,2023,4381,Bryn Forbes,SG,29.0,MIN,25,0.0,10.7,1.2,3.3,0.361,0.304,0.432,0.446,1.0,0.2,0.4,0.6,0.7,0.3,0.1,0.5,0.9,3.6
57,2023,5033,Buddy Boeheim,PG,23.0,DET,10,0.0,9.0,0.5,2.7,0.185,0.16,0.5,0.259,1.0,0.2,0.4,0.6,0.4,0.2,0.0,0.0,0.6,1.6
58,2023,4382,Buddy Hield,SF,30.0,IND,80,73.0,31.0,5.9,13.0,0.458,0.425,0.518,0.596,0.822,0.8,4.2,5.0,2.8,1.2,0.3,1.7,2.0,16.8
59,2023,4912,Cade Cunningham,PG,21.0,DET,12,12.0,33.3,7.8,18.7,0.415,0.279,0.466,0.453,0.837,1.0,5.2,6.2,6.0,0.8,0.6,3.3,2.8,19.9
60,2023,5034,Caleb Houstan,SF,20.0,ORL,51,4.0,15.9,1.3,3.6,0.363,0.338,0.435,0.489,0.833,0.7,1.3,1.9,0.6,0.2,0.1,0.4,1.2,3.8
61,2023,4696,Caleb Martin,PF,27.0,MIA,71,49.0,29.3,3.6,7.7,0.464,0.356,0.545,0.54,0.805,1.2,3.6,4.8,1.6,1.0,0.4,1.1,2.0,9.6
62,2023,4697,Cam Reddish,SF,23.0,TOT,40,20.0,24.8,3.5,7.8,0.446,0.313,0.56,0.518,0.853,0.5,1.8,2.2,1.4,1.0,0.4,1.2,1.8,9.7
65,2023,4913,Cam Thomas,SG,21.0,BRK,57,4.0,16.6,3.5,8.0,0.441,0.383,0.464,0.497,0.868,0.1,1.5,1.7,1.4,0.4,0.1,1.1,1.0,10.6
66,2023,4698,Cameron Johnson,PF,26.0,TOT,42,41.0,28.5,5.3,11.3,0.47,0.404,0.548,0.579,0.842,0.8,3.6,4.4,1.9,1.2,0.3,0.9,2.0,15.5
69,2023,4311,Cameron Payne,PG,28.0,PHO,48,15.0,20.2,3.9,9.4,0.415,0.368,0.448,0.49,0.766,0.3,2.0,2.2,4.5,0.7,0.2,1.7,1.8,10.3
70,2023,4383,Caris LeVert,SG,28.0,CLE,74,30.0,30.2,4.3,10.0,0.431,0.392,0.462,0.517,0.722,0.7,3.1,3.8,3.9,1.0,0.3,1.6,2.3,12.1
71,2023,4915,Carlik Jones,PG,25.0,CHI,7,0.0,8.0,0.9,2.1,0.4,0.5,0.333,0.5,0.625,0.1,0.6,0.7,0.9,0.3,0.0,0.3,0.3,2.9
72,2023,4479,Cedi Osman,SF,27.0,CLE,77,2.0,20.1,3.1,6.9,0.451,0.372,0.564,0.56,0.694,0.3,2.0,2.3,1.5,0.5,0.1,0.7,1.6,8.7
73,2023,4917,Charles Bassey,C,22.0,SAS,35,2.0,14.5,2.5,3.9,0.644,0.375,0.661,0.656,0.595,2.1,3.4,5.5,1.3,0.5,0.9,1.2,2.1,5.7
74,2023,5035,Chima Moneke,SF,27.0,SAC,2,0.0,4.0,0.5,1.0,0.5,1000.0,0.5,0.5,0.0,1.0,0.0,1.0,0.5,0.0,0.0,1.0,1.0,1.0
75,2023,4597,Chimezie Metu,C,25.0,SAC,66,0.0,10.4,2.0,3.3,0.589,0.237,0.663,0.61,0.74,0.7,2.3,3.0,0.6,0.3,0.3,0.5,1.2,4.9
76,2023,4481,Chris Boucher,PF,30.0,TOR,76,0.0,20.0,3.4,7.0,0.493,0.328,0.585,0.552,0.762,2.1,3.5,5.5,0.4,0.6,0.8,0.5,1.9,9.4
77,2023,4919,Chris Duarte,SF,25.0,IND,46,12.0,19.5,2.7,7.2,0.369,0.316,0.428,0.452,0.847,0.4,2.1,2.5,1.4,0.5,0.2,0.9,1.4,7.9
78,2023,3585,Chris Paul,PG,37.0,PHO,59,59.0,32.0,5.0,11.3,0.44,0.375,0.482,0.513,0.831,0.5,3.8,4.3,8.9,1.5,0.4,1.9,2.1,13.9
79,2023,4702,Chris Silva,PF,26.0,DAL,1,0.0,3.0,1.0,1.0,1.0,1000.0,1.0,1.0,1000.0,0.0,0.0,0.0,0.0,0.0,0.0,1.0,2.0,2.0
80,2023,5036,Christian Braun,SG,21.0,DEN,76,6.0,15.5,1.9,3.8,0.495,0.354,0.565,0.554,0.625,0.6,1.8,2.4,0.8,0.5,0.2,0.5,1.3,4.7
81,2023,5037,Christian Koloko,C,22.0,TOR,58,19.0,13.8,1.2,2.6,0.48,0.083,0.514,0.483,0.627,1.4,1.5,2.9,0.5,0.4,1.0,0.3,2.2,3.1
82,2023,4313,Christian Wood,C,27.0,DAL,67,17.0,25.9,5.9,11.5,0.515,0.376,0.594,0.583,0.772,1.3,6.0,7.3,1.8,0.4,1.1,1.8,2.5,16.6
83,2023,4817,Chuma Okeke,SF,24.0,ORL,27,8.0,19.2,1.6,4.5,0.352,0.302,0.472,0.459,0.762,1.0,2.6,3.6,1.4,0.7,0.4,0.6,1.5,4.7
84,2023,4154,CJ McCollum,SG,31.0,NOP,75,75.0,35.3,7.8,17.9,0.437,0.389,0.469,0.515,0.769,0.7,3.6,4.4,5.7,0.9,0.5,2.4,2.0,20.9
85,2023,4230,Clint Capela,C,28.0,ATL,65,63.0,26.6,5.4,8.2,0.653,0.0,0.654,0.653,0.603,4.0,7.1,11.0,0.9,0.7,1.2,0.8,2.1,12.0
86,2023,4703,Coby White,SG,22.0,CHI,74,2.0,23.4,3.6,8.0,0.443,0.372,0.54,0.551,0.871,0.2,2.6,2.9,2.8,0.7,0.1,1.0,1.6,9.7
87,2023,4704,Cody Martin,SF,27.0,CHO,7,0.0,19.1,2.0,5.1,0.389,0.214,0.5,0.431,0.571,1.1,2.3,3.4,1.6,0.6,0.1,0.3,1.9,5.0
88,2023,4155,Cody Zeller,C,30.0,MIA,15,2.0,14.5,2.5,3.9,0.627,0.0,0.649,0.627,0.686,1.7,2.6,4.3,0.7,0.2,0.3,0.9,2.2,6.5
89,2023,4819,Cole Anthony,PG,22.0,ORL,60,4.0,25.9,4.6,10.2,0.454,0.364,0.5,0.516,0.894,0.8,4.0,4.8,3.9,0.6,0.5,1.5,2.6,13.0
90,2023,5038,Cole Swider,SF,23.0,LAL,7,0.0,5.9,0.4,1.3,0.333,0.375,0.0,0.5,1000.0,0.1,0.9,1.0,0.6,0.0,0.0,0.0,0.4,1.3
91,2023,4599,Collin Sexton,SG,24.0,UTA,48,15.0,23.9,4.9,9.8,0.506,0.393,0.546,0.558,0.819,0.8,1.4,2.2,2.9,0.6,0.1,1.8,2.3,14.3
92,2023,4920,Corey Kispert,SF,23.0,WAS,74,45.0,28.3,3.9,7.9,0.497,0.424,0.637,0.637,0.852,0.4,2.4,2.8,1.2,0.4,0.1,0.7,1.3,11.1
93,2023,3992,Cory Joseph,PG,31.0,DET,62,2.0,19.8,2.4,5.7,0.427,0.389,0.468,0.527,0.792,0.3,1.4,1.7,3.5,0.5,0.1,0.9,1.4,6.9
94,2023,4317,D'Angelo Russell,PG,26.0,TOT,71,71.0,32.5,6.3,13.4,0.469,0.396,0.548,0.572,0.829,0.5,2.5,3.0,6.2,1.0,0.4,2.6,2.0,17.8
97,2023,4922,Daishen Nix,PG,20.0,HOU,57,7.0,16.0,1.4,4.2,0.342,0.286,0.423,0.426,0.667,0.3,1.4,1.7,2.3,0.5,0.1,1.5,1.0,4.0
98,2023,4923,Dalano Banton,PG,23.0,TOR,31,2.0,9.0,1.8,4.2,0.423,0.294,0.506,0.481,0.708,0.4,1.1,1.5,1.2,0.4,0.4,0.6,1.1,4.6
99,2023,5039,Dalen Terry,SG,20.0,CHI,38,0.0,5.6,0.8,1.9,0.444,0.259,0.556,0.493,0.667,0.3,0.7,1.0,0.6,0.3,0.1,0.2,0.6,2.2
100,2023,4387,Damian Jones,C,27.0,TOT,41,1.0,11.6,1.3,2.1,0.64,0.588,0.652,0.698,0.759,1.0,2.0,3.0,0.4,0.2,0.5,0.6,1.3,3.5
103,2023,4077,Damian Lillard,PG,32.0,POR,58,58.0,36.3,9.6,20.7,0.463,0.371,0.574,0.564,0.914,0.8,4.0,4.8,7.3,0.9,0.3,3.3,1.9,32.2
104,2023,4484,Damion Lee,SG,30.0,PHO,74,5.0,20.4,2.7,6.1,0.442,0.445,0.439,0.564,0.904,0.5,2.5,3.0,1.3,0.4,0.1,1.1,1.6,8.2
105,2023,4705,Daniel Gafford,C,24.0,WAS,78,47.0,20.6,3.7,5.1,0.732,1000.0,0.732,0.732,0.679,2.1,3.5,5.6,1.1,0.4,1.3,1.1,2.4,9.0
106,2023,4487,Daniel Theis,C,30.0,IND,7,1.0,15.6,3.0,6.3,0.477,0.182,0.576,0.5,0.417,1.0,2.1,3.1,1.3,0.3,0.9,0.4,1.0,7.0
107,2023,3867,Danny Green,SG,35.0,TOT,11,0.0,12.5,2.0,4.5,0.449,0.432,0.5,0.612,1.0,0.3,1.0,1.3,0.5,0.5,0.3,0.9,1.5,5.5
110,2023,4389,Danuel House Jr.,SF,29.0,PHI,56,5.0,14.4,1.7,3.5,0.472,0.336,0.644,0.566,0.75,0.2,1.5,1.7,0.8,0.3,0.2,0.5,1.2,4.8
111,2023,4390,Dario Šarić,PF,28.0,TOT,57,12.0,14.1,2.2,4.9,0.458,0.391,0.506,0.54,0.829,0.9,2.7,3.6,1.3,0.4,0.1,1.0,1.7,6.4
114,2023,4707,Darius Bazley,PF,22.0,TOT,43,1.0,14.3,1.9,4.3,0.454,0.377,0.485,0.508,0.543,0.8,2.4,3.2,0.9,0.5,0.8,0.6,1.0,5.2
117,2023,5040,Darius Days,PF,23.0,HOU,4,0.0,6.3,1.3,3.0,0.417,0.3,1.0,0.542,1.0,0.3,1.3,1.5,0.3,0.0,0.3,0.0,0.5,3.8
118,2023,4708,Darius Garland,PG,23.0,CLE,69,69.0,35.5,7.6,16.4,0.462,0.41,0.492,0.537,0.863,0.4,2.3,2.7,7.8,1.2,0.1,2.9,2.1,21.6
119,2023,4924,David Duke Jr.,SG,23.0,BRK,23,0.0,9.9,1.6,3.4,0.462,0.083,0.53,0.468,0.706,0.5,0.8,1.3,0.9,0.4,0.0,0.8,1.3,3.7
120,2023,5041,David Roddy,PF,21.0,MEM,70,4.0,18.0,2.6,6.0,0.429,0.307,0.553,0.506,0.631,0.7,2.0,2.8,0.8,0.4,0.3,0.8,1.5,6.7
121,2023,4926,Davion Mitchell,PG,24.0,SAC,80,9.0,18.1,2.3,5.0,0.454,0.32,0.584,0.533,0.806,0.2,1.1,1.3,2.3,0.6,0.2,0.8,1.4,5.6
122,2023,4392,Dāvis Bertāns,PF,30.0,DAL,45,1.0,10.9,1.5,3.6,0.431,0.39,0.737,0.603,0.867,0.2,1.0,1.2,0.5,0.2,0.2,0.2,1.2,4.6
123,2023,4488,Davon Reed,SG,27.0,TOT,43,1.0,8.0,0.7,2.0,0.333,0.37,0.289,0.435,0.667,0.2,1.1,1.4,0.5,0.3,0.1,0.5,0.9,2.1
126,2023,4927,Day'Ron Sharpe,C,21.0,BRK,48,3.0,11.5,1.9,3.6,0.544,0.545,0.544,0.561,0.636,2.1,2.1,4.2,0.8,0.3,0.7,0.9,1.9,4.7
127,2023,4489,De'Aaron Fox,PG,25.0,SAC,73,73.0,33.4,9.3,18.2,0.512,0.324,0.584,0.557,0.78,0.5,3.6,4.2,6.1,1.1,0.3,2.5,2.4,25.0
128,2023,4709,De'Andre Hunter,SF,25.0,ATL,67,67.0,31.7,5.7,12.3,0.461,0.35,0.521,0.522,0.826,0.7,3.6,4.2,1.4,0.5,0.3,1.2,3.0,15.4
129,2023,4602,De'Anthony Melton,PG,24.0,PHI,77,58.0,27.9,3.6,8.5,0.425,0.39,0.484,0.546,0.793,0.9,3.2,4.1,2.6,1.6,0.5,1.3,2.5,10.1
130,2023,4710,Dean Wade,PF,26.0,CLE,44,13.0,20.3,1.7,4.0,0.412,0.354,0.56,0.54,0.652,0.5,3.0,3.4,0.8,0.6,0.5,0.4,2.0,4.7
131,2023,4603,Deandre Ayton,C,24.0,PHO,67,67.0,30.4,7.8,13.2,0.589,0.292,0.597,0.592,0.76,2.6,7.4,10.0,1.7,0.6,0.8,1.8,2.8,18.0
132,2023,3810,DeAndre Jordan,C,34.0,DEN,39,8.0,15.0,2.3,2.9,0.765,1.0,0.763,0.77,0.458,1.3,3.8,5.2,0.9,0.3,0.6,1.2,1.8,5.1
133,2023,4394,Dejounte Murray,SG,26.0,ATL,74,74.0,36.4,8.3,17.8,0.464,0.344,0.514,0.514,0.832,0.7,4.5,5.3,6.1,1.5,0.3,2.2,1.4,20.5
134,2023,4320,Delon Wright,PG,30.0,WAS,50,14.0,24.4,2.8,5.8,0.474,0.345,0.564,0.545,0.867,1.2,2.4,3.6,3.9,1.8,0.3,0.9,1.2,7.4
135,2023,3872,DeMar DeRozan,SF,33.0,CHI,74,74.0,36.2,8.9,17.6,0.504,0.324,0.526,0.522,0.872,0.5,4.2,4.6,5.1,1.1,0.5,2.1,2.5,24.5
136,2023,4823,Deni Avdija,SF,22.0,WAS,76,40.0,26.6,3.3,7.6,0.437,0.297,0.53,0.497,0.739,1.0,5.4,6.4,2.8,0.9,0.4,1.6,2.8,9.2
137,2023,4157,Dennis Schröder,PG,29.0,LAL,66,50.0,30.1,4.1,9.8,0.415,0.329,0.461,0.472,0.857,0.3,2.2,2.5,4.5,0.8,0.2,1.7,2.2,12.6
138,2023,4490,Dennis Smith Jr.,PG,25.0,CHO,54,15.0,25.7,3.4,8.4,0.412,0.216,0.475,0.438,0.736,0.5,2.6,3.1,4.8,1.4,0.5,1.5,2.3,8.8
139,2023,4605,Deonte Burton,SG,29.0,SAC,2,0.0,3.0,0.0,1.0,0.0,0.0,0.0,0.0,1000.0,0.0,0.0,0.0,0.0,0.0,0.0,0.0,0.0,0.0
140,2023,5042,Dereon Seabron,SG,22.0,NOP,5,0.0,2.4,0.4,1.0,0.4,1000.0,0.4,0.4,1000.0,0.2,0.0,0.2,0.0,0.0,0.0,0.0,0.2,0.8
141,2023,4397,Derrick Jones Jr.,SF,25.0,CHI,64,0.0,14.0,1.8,3.6,0.5,0.338,0.587,0.559,0.738,0.9,1.5,2.4,0.5,0.5,0.6,0.4,1.3,5.0
142,2023,3812,Derrick Rose,PG,34.0,NYK,27,0.0,12.5,2.3,5.9,0.384,0.302,0.438,0.443,0.917,0.3,1.2,1.5,1.7,0.3,0.2,0.8,0.7,5.6
143,2023,4492,Derrick White,SG,28.0,BOS,82,70.0,28.3,4.3,9.2,0.462,0.381,0.548,0.56,0.875,0.6,2.9,3.6,3.9,0.7,0.9,1.2,2.2,12.4
144,2023,4824,Desmond Bane,SG,24.0,MEM,58,58.0,31.7,7.8,16.2,0.479,0.408,0.534,0.568,0.883,0.7,4.3,5.0,4.4,1.0,0.4,2.2,2.6,21.5
145,2023,4321,Devin Booker,SG,26.0,PHO,53,53.0,34.6,9.9,20.1,0.494,0.351,0.554,0.546,0.855,0.9,3.7,4.5,5.5,1.0,0.3,2.7,3.0,27.8
146,2023,4826,Devin Vassell,SG,22.0,SAS,38,32.0,31.0,6.9,15.7,0.439,0.387,0.48,0.525,0.78,0.2,3.7,3.9,3.6,1.1,0.4,1.5,1.5,18.5
147,2023,4827,Devon Dotson,PG,23.0,WAS,6,0.0,8.8,0.2,1.7,0.1,0.25,0.0,0.15,1000.0,1.0,0.7,1.7,1.3,0.8,0.0,0.5,1.5,0.5
148,2023,4607,Devonte' Graham,PG,27.0,TOT,73,8.0,18.3,2.2,5.9,0.374,0.352,0.452,0.512,0.748,0.3,1.4,1.7,2.7,0.6,0.2,0.7,1.1,7.4
151,2023,4158,Dewayne Dedmon,C,33.0,TOT,38,1.0,11.2,2.0,4.0,0.51,0.308,0.58,0.55,0.673,0.9,2.6,3.5,0.7,0.2,0.5,0.7,2.0,5.2
154,2023,4494,Dillon Brooks,SF,27.0,MEM,73,73.0,30.3,5.4,13.6,0.396,0.326,0.451,0.468,0.779,0.6,2.7,3.3,2.6,0.9,0.2,1.4,3.3,14.3
155,2023,4400,Domantas Sabonis,C,26.0,SAC,79,79.0,34.6,7.3,11.9,0.615,0.373,0.639,0.632,0.742,3.2,9.1,12.3,7.3,0.8,0.5,2.9,3.5,19.1
156,2023,5043,Dominick Barlow,SF,19.0,SAS,28,0.0,14.6,1.6,3.1,0.535,0.0,0.561,0.535,0.72,1.6,2.0,3.6,0.9,0.4,0.7,0.5,2.0,3.9
157,2023,4495,Donovan Mitchell,SG,26.0,CLE,68,68.0,35.8,10.0,20.6,0.484,0.386,0.566,0.572,0.867,0.9,3.3,4.3,4.4,1.5,0.4,2.6,2.5,28.3
158,2023,5044,Donovan Williams,SG,21.0,ATL,2,0.0,2.0,1.0,2.5,0.4,0.0,0.667,0.4,1000.0,0.0,1.0,1.0,0.0,0.0,0.0,0.0,0.0,2.0
159,2023,4608,Donte DiVincenzo,SG,26.0,GSW,72,36.0,26.3,3.3,7.5,0.435,0.397,0.525,0.574,0.817,1.1,3.4,4.5,3.5,1.3,0.1,1.6,1.8,9.4
160,2023,4401,Dorian Finney-Smith,PF,29.0,TOT,66,66.0,30.4,3.0,7.6,0.391,0.337,0.503,0.505,0.763,1.7,3.1,4.8,1.5,0.8,0.5,0.9,2.2,8.3
163,2023,4237,Doug McDermott,SF,31.0,SAS,64,0.0,20.5,3.7,8.2,0.457,0.413,0.516,0.575,0.757,0.4,1.8,2.2,1.4,0.2,0.1,0.9,1.8,10.2
164,2023,4085,Draymond Green,PF,32.0,GSW,73,73.0,31.5,3.4,6.5,0.527,0.305,0.612,0.57,0.713,0.9,6.3,7.2,6.8,1.0,0.8,2.8,3.1,8.5
165,2023,4610,Drew Eubanks,C,25.0,POR,78,28.0,20.3,2.7,4.3,0.641,0.389,0.655,0.651,0.664,1.7,3.7,5.4,1.3,0.5,1.3,0.9,2.2,6.6
166,2023,5045,Dru Smith,SG,25.0,TOT,15,1.0,10.5,1.2,3.0,0.4,0.263,0.5,0.456,1.0,0.1,1.5,1.6,1.5,0.7,0.3,0.2,1.5,2.9
169,2023,4929,Duane Washington Jr.,SG,22.0,PHO,31,3.0,12.7,3.0,8.3,0.367,0.36,0.372,0.445,0.667,0.1,1.1,1.2,2.0,0.2,0.1,1.1,0.7,7.9
170,2023,4611,Duncan Robinson,SF,28.0,MIA,42,1.0,16.5,2.1,5.6,0.371,0.328,0.556,0.504,0.906,0.2,1.5,1.6,1.1,0.3,0.0,0.7,1.8,6.4
171,2023,4239,Dwight Powell,C,31.0,DAL,76,64.0,19.2,2.6,3.5,0.732,0.0,0.746,0.732,0.667,2.0,2.2,4.1,0.9,0.6,0.3,0.9,2.8,6.7
172,2023,4829,Dylan Windler,SF,26.0,CLE,3,0.0,3.3,0.7,1.0,0.667,0.5,1.0,0.833,1000.0,0.0,0.0,0.0,0.3,0.3,0.0,0.3,0.0,1.7
173,2023,5046,Dyson Daniels,PG,19.0,NOP,59,11.0,17.7,1.5,3.5,0.418,0.314,0.492,0.483,0.65,0.6,2.6,3.2,2.3,0.7,0.2,1.0,1.7,3.8
174,2023,4497,Edmond Sumner,SG,27.0,BRK,53,12.0,13.9,2.3,5.1,0.461,0.356,0.511,0.519,0.917,0.2,1.2,1.5,1.3,0.6,0.2,0.9,1.6,7.1
175,2023,3815,Eric Gordon,SG,34.0,TOT,69,58.0,28.5,4.2,9.5,0.446,0.371,0.535,0.547,0.821,0.2,1.7,1.9,2.7,0.6,0.4,1.5,1.1,12.4
178,2023,4930,Eugene Omoruyi,SF,25.0,TOT,40,6.0,16.1,2.5,5.7,0.443,0.281,0.547,0.498,0.68,1.1,1.7,2.8,0.7,0.7,0.1,0.9,2.3,7.0
181,2023,4086,Evan Fournier,SG,30.0,NYK,27,7.0,17.0,2.1,6.1,0.337,0.307,0.404,0.443,0.857,0.1,1.7,1.8,1.3,0.6,0.1,0.8,1.7,6.1
182,2023,4931,Evan Mobley,PF,21.0,CLE,79,79.0,34.4,6.6,12.0,0.554,0.216,0.595,0.566,0.674,2.4,6.6,9.0,2.8,0.8,1.5,1.8,2.8,16.2
183,2023,4832,Facundo Campazzo,PG,31.0,DAL,8,0.0,6.5,0.4,1.6,0.231,0.273,0.0,0.346,0.5,0.0,0.3,0.3,1.1,0.8,0.0,0.4,0.4,1.3
184,2023,4616,Frank Jackson,PG,24.0,UTA,1,0.0,5.0,0.0,3.0,0.0,0.0,0.0,0.0,1000.0,1.0,1.0,2.0,1.0,0.0,0.0,0.0,0.0,0.0
185,2023,4325,Frank Kaminsky,C,29.0,TOT,36,0.0,6.5,0.9,1.8,0.492,0.394,0.6,0.595,0.875,0.2,1.3,1.4,0.9,0.2,0.1,0.3,0.6,2.5
188,2023,4500,Frank Ntilikina,PG,24.0,DAL,47,5.0,12.9,1.0,2.8,0.364,0.254,0.477,0.428,0.667,0.1,1.2,1.3,1.2,0.3,0.1,0.6,1.4,2.9
189,2023,4933,Franz Wagner,SF,21.0,ORL,80,80.0,32.6,6.8,14.0,0.485,0.361,0.544,0.543,0.842,0.9,3.2,4.1,3.5,1.0,0.2,2.1,2.3,18.6
190,2023,4403,Fred VanVleet,PG,28.0,TOR,69,69.0,36.7,6.3,16.1,0.393,0.342,0.455,0.486,0.898,0.4,3.6,4.1,7.2,1.8,0.6,2.0,2.8,19.3
191,2023,4501,Furkan Korkmaz,SG,25.0,PHI,37,0.0,9.5,1.3,3.0,0.432,0.391,0.462,0.514,0.722,0.2,1.0,1.1,0.6,0.3,0.1,0.6,0.5,3.8
192,2023,4717,Gabe Vincent,PG,26.0,MIA,68,34.0,25.9,3.4,8.3,0.402,0.334,0.512,0.505,0.872,0.4,1.7,2.1,2.5,0.9,0.1,1.4,2.3,9.4
193,2023,4934,Gabe York,SG,29.0,IND,3,0.0,18.7,2.7,7.0,0.381,0.333,0.667,0.524,1.0,0.0,2.0,2.0,1.7,0.7,0.0,0.0,1.7,8.0
194,2023,3877,Garrett Temple,SG,36.0,NOP,25,0.0,6.5,0.7,1.8,0.4,0.423,0.368,0.522,0.75,0.2,0.5,0.7,0.5,0.4,0.1,0.2,0.6,2.0
195,2023,4718,Garrison Mathews,SG,26.0,TOT,54,0.0,12.7,1.4,3.7,0.363,0.35,0.476,0.52,0.906,0.2,1.1,1.4,0.5,0.4,0.1,0.4,1.1,4.8
198,2023,4245,Gary Harris,SG,28.0,ORL,48,42.0,24.7,2.9,6.4,0.45,0.431,0.494,0.603,0.9,0.4,1.6,2.0,1.2,0.9,0.3,0.6,1.9,8.3
199,2023,4404,Gary Payton II,PG,30.0,TOT,22,1.0,16.7,1.9,3.1,0.594,0.5,0.651,0.688,0.857,1.1,2.0,3.1,1.4,1.0,0.2,0.7,2.0,4.6
202,2023,4618,Gary Trent Jr.,SG,24.0,TOR,66,44.0,32.1,6.1,14.2,0.433,0.369,0.493,0.522,0.839,0.5,2.2,2.6,1.6,1.6,0.2,0.8,1.5,17.4
203,2023,3816,George Hill,PG,36.0,TOT,46,1.0,18.1,1.7,3.6,0.47,0.358,0.62,0.572,0.764,0.3,1.5,1.8,2.4,0.6,0.1,0.7,1.2,5.0
206,2023,4405,Georges Niang,PF,29.0,PHI,78,1.0,19.4,2.8,6.4,0.442,0.401,0.576,0.596,0.867,0.2,2.1,2.4,1.0,0.4,0.2,0.7,1.9,8.2
207,2023,4164,Giannis Antetokounmpo,PF,28.0,MIL,63,63.0,32.1,11.2,20.3,0.553,0.275,0.596,0.572,0.645,2.2,9.6,11.8,5.7,0.8,0.8,3.9,3.1,31.1
208,2023,4719,Goga Bitadze,C,23.0,TOT,38,1.0,12.0,1.8,3.3,0.552,0.231,0.636,0.576,0.548,1.6,2.0,3.6,1.0,0.4,0.7,0.6,1.7,4.4
211,2023,3817,Goran Dragić,PG,36.0,TOT,58,0.0,15.0,2.4,5.8,0.421,0.359,0.468,0.499,0.689,0.3,1.1,1.4,2.6,0.2,0.1,1.1,1.1,6.3
214,2023,3941,Gordon Hayward,SF,32.0,CHO,50,50.0,31.5,5.5,11.6,0.475,0.325,0.532,0.52,0.811,0.7,3.6,4.3,4.1,0.8,0.2,2.0,1.4,14.7
215,2023,4167,Gorgui Dieng,C,33.0,SAS,31,1.0,11.5,1.5,3.8,0.385,0.28,0.571,0.474,0.769,0.9,2.6,3.5,1.7,0.1,0.5,1.0,1.8,3.9
216,2023,4720,Grant Williams,PF,24.0,BOS,79,23.0,25.9,2.7,6.0,0.454,0.395,0.546,0.575,0.77,1.1,3.5,4.6,1.7,0.5,0.4,1.0,2.4,8.1
217,2023,4620,Grayson Allen,SG,27.0,MIL,72,70.0,27.4,3.4,7.7,0.44,0.399,0.518,0.571,0.905,0.8,2.4,3.3,2.3,0.9,0.2,1.0,1.6,10.4
218,2023,4937,Greg Brown III,PF,21.0,POR,16,0.0,5.8,0.7,1.8,0.393,0.143,0.476,0.411,0.417,0.1,1.1,1.2,0.2,0.3,0.3,0.4,0.8,1.8
219,2023,4621,Hamidou Diallo,SG,24.0,DET,56,0.0,17.8,3.8,6.7,0.573,0.238,0.593,0.58,0.588,1.0,2.4,3.5,1.0,0.9,0.3,1.3,2.2,9.3
220,2023,4089,Harrison Barnes,PF,30.0,SAC,82,82.0,32.5,4.6,9.6,0.473,0.374,0.553,0.556,0.847,1.1,3.4,4.5,1.6,0.7,0.1,1.0,1.3,15.0
221,2023,4623,Haywood Highsmith,SF,26.0,MIA,54,11.0,17.9,1.7,4.0,0.431,0.339,0.523,0.516,0.464,1.1,2.4,3.5,0.8,0.7,0.3,0.8,1.5,4.4
222,2023,4939,Herbert Jones,SF,24.0,NOP,66,66.0,29.6,3.6,7.6,0.469,0.335,0.536,0.525,0.764,1.5,2.6,4.1,2.5,1.6,0.6,1.3,3.2,9.8
223,2023,4837,Immanuel Quickley,PG,23.0,NYK,81,21.0,28.9,5.2,11.6,0.448,0.37,0.521,0.537,0.819,0.7,3.4,4.2,3.4,1.0,0.2,1.2,2.0,14.9
224,2023,4838,Isaac Okoro,SF,22.0,CLE,76,46.0,21.7,2.3,4.7,0.494,0.363,0.617,0.582,0.757,0.7,1.8,2.5,1.1,0.7,0.4,0.6,2.1,6.4
225,2023,4627,Isaiah Hartenstein,C,24.0,NYK,82,8.0,19.8,2.1,4.0,0.535,0.216,0.576,0.547,0.676,2.5,4.0,6.5,1.2,0.6,0.8,0.8,2.6,5.0
226,2023,4940,Isaiah Jackson,C,21.0,IND,63,12.0,16.5,2.8,5.0,0.563,0.143,0.582,0.566,0.651,1.8,2.7,4.5,0.8,0.5,1.5,0.8,2.4,7.2
227,2023,4839,Isaiah Joe,SG,23.0,OKC,73,10.0,19.1,3.1,7.0,0.441,0.409,0.553,0.599,0.82,0.4,2.0,2.4,1.2,0.7,0.1,0.5,1.4,9.5
228,2023,4941,Isaiah Livers,PF,24.0,DET,52,22.0,23.1,2.3,5.5,0.417,0.365,0.541,0.545,0.821,0.5,2.2,2.8,0.8,0.5,0.5,0.6,2.0,6.7
229,2023,5047,Isaiah Mobley,PF,23.0,CLE,13,0.0,6.5,0.9,2.2,0.429,0.375,0.45,0.482,1.0,0.3,1.2,1.5,0.2,0.3,0.2,0.1,0.6,2.4
230,2023,4722,Isaiah Roby,PF,24.0,SAS,42,2.0,11.3,1.6,3.7,0.432,0.3,0.516,0.49,0.488,0.5,2.0,2.5,0.9,0.4,0.2,0.7,1.3,4.1
231,2023,4840,Isaiah Stewart,C,21.0,DET,50,47.0,28.3,3.9,8.8,0.442,0.327,0.542,0.518,0.738,2.3,5.8,8.1,1.4,0.4,0.7,1.4,2.7,11.3
232,2023,4942,Isaiah Todd,PF,21.0,WAS,6,1.0,10.2,0.5,3.0,0.167,0.1,0.25,0.194,1.0,0.3,1.7,2.0,0.7,0.2,0.0,0.3,0.7,1.5
233,2023,3946,Ish Smith,PG,34.0,DEN,43,0.0,9.3,1.2,3.0,0.397,0.167,0.42,0.405,0.5,0.1,1.1,1.3,2.3,0.2,0.2,1.0,0.8,2.5
234,2023,4943,Ish Wainright,SF,28.0,PHO,60,2.0,15.3,1.4,3.8,0.37,0.329,0.5,0.496,0.839,0.8,1.6,2.3,0.9,0.6,0.4,0.4,2.0,4.2
235,2023,4410,Ivica Zubac,C,25.0,LAC,76,76.0,28.6,4.3,6.8,0.634,0.0,0.637,0.634,0.697,3.1,6.8,9.9,1.0,0.4,1.3,1.5,2.9,10.8
236,2023,4723,Ja Morant,PG,23.0,MEM,61,59.0,31.9,9.3,19.9,0.466,0.307,0.519,0.504,0.748,1.0,4.9,5.9,8.1,1.1,0.3,3.4,1.6,26.2
237,2023,5048,Jabari Smith Jr.,PF,19.0,HOU,79,79.0,31.0,4.6,11.3,0.408,0.307,0.487,0.475,0.786,1.5,5.7,7.2,1.3,0.5,0.9,1.3,2.9,12.8
238,2023,5049,Jabari Walker,SF,20.0,POR,56,0.0,11.1,1.5,3.5,0.419,0.286,0.472,0.46,0.756,0.9,1.5,2.3,0.6,0.2,0.2,0.5,1.2,3.9
239,2023,5050,Jack White,SF,25.0,DEN,17,0.0,3.9,0.5,1.1,0.421,0.333,0.5,0.5,0.667,0.4,0.6,1.0,0.2,0.2,0.1,0.1,0.5,1.2
240,2023,5051,Jacob Gilyard,PG,24.0,MEM,1,0.0,41.0,1.0,3.0,0.333,0.333,1000.0,0.5,1000.0,0.0,4.0,4.0,7.0,3.0,0.0,2.0,3.0,3.0
241,2023,5052,Jaden Hardy,SG,20.0,DAL,48,5.0,14.8,3.0,6.9,0.438,0.404,0.469,0.533,0.823,0.2,1.6,1.9,1.4,0.4,0.1,1.0,1.3,8.8
242,2023,5053,Jaden Ivey,SG,20.0,DET,74,73.0,31.1,5.5,13.3,0.416,0.343,0.457,0.477,0.747,1.0,2.9,3.9,5.2,0.8,0.2,3.2,3.3,16.3
243,2023,4841,Jaden McDaniels,SF,22.0,MIN,79,79.0,30.6,4.7,9.1,0.517,0.398,0.588,0.591,0.736,1.2,2.7,3.9,1.9,0.9,1.0,1.4,3.4,12.1
244,2023,4944,Jaden Springer,SG,20.0,PHI,16,2.0,5.6,1.1,2.2,0.486,0.4,0.5,0.514,0.75,0.4,0.5,0.9,0.5,0.4,0.2,0.2,0.9,2.6
245,2023,4091,Jae Crowder,SF,32.0,MIL,18,3.0,18.9,2.5,5.2,0.479,0.436,0.538,0.606,0.833,0.9,2.9,3.8,1.5,0.7,0.3,0.4,1.5,6.9
246,2023,4842,Jae'Sean Tate,SF,27.0,HOU,31,7.0,21.8,3.5,7.4,0.48,0.283,0.53,0.509,0.725,1.3,2.5,3.8,2.7,0.7,0.2,1.5,3.4,9.1
247,2023,5054,Jake LaRavia,PF,21.0,MEM,35,0.0,11.8,1.1,2.7,0.389,0.338,0.542,0.516,0.778,0.5,1.3,1.8,0.6,0.3,0.1,0.5,1.4,3.0
248,2023,4412,Jakob Poeltl,C,27.0,TOT,72,71.0,26.5,5.4,8.6,0.629,0.0,0.63,0.629,0.592,3.3,5.8,9.1,2.7,0.9,1.2,1.7,2.7,12.5
251,2023,4630,Jalen Brunson,PG,26.0,NYK,68,68.0,35.0,8.6,17.6,0.491,0.416,0.519,0.547,0.829,0.6,3.0,3.5,6.2,0.9,0.2,2.1,2.2,24.0
252,2023,5055,Jalen Duren,C,19.0,DET,67,31.0,24.9,3.9,5.9,0.648,0.0,0.652,0.648,0.611,3.4,5.5,8.9,1.1,0.7,0.9,1.4,2.7,9.1
253,2023,4946,Jalen Green,SG,20.0,HOU,76,76.0,34.2,7.4,17.9,0.417,0.338,0.471,0.486,0.786,0.6,3.2,3.7,3.7,0.8,0.2,2.6,1.7,22.1
254,2023,4947,Jalen Johnson,SF,21.0,ATL,70,6.0,14.9,2.3,4.6,0.491,0.288,0.587,0.537,0.628,0.7,3.3,4.0,1.2,0.5,0.5,0.6,1.6,5.6
255,2023,4725,Jalen McDaniels,SF,25.0,TOT,80,24.0,23.9,3.5,7.7,0.455,0.332,0.53,0.518,0.841,0.8,3.5,4.3,1.6,1.0,0.4,1.2,2.6,9.4
258,2023,4845,Jalen Smith,PF,22.0,IND,68,31.0,18.8,3.6,7.5,0.476,0.283,0.593,0.53,0.759,1.9,3.9,5.8,1.0,0.3,0.9,1.1,2.3,9.4
259,2023,4948,Jalen Suggs,PG,21.0,ORL,53,19.0,23.5,3.5,8.4,0.419,0.327,0.496,0.493,0.723,1.0,2.0,3.0,2.9,1.3,0.5,1.8,2.3,9.9
260,2023,5056,Jalen Williams,SG,21.0,OKC,75,62.0,30.3,5.5,10.6,0.521,0.356,0.579,0.567,0.812,1.1,3.4,4.5,3.3,1.4,0.5,1.6,2.5,14.1
261,2023,5057,Jamal Cain,SF,23.0,MIA,18,0.0,13.3,2.1,3.7,0.561,0.35,0.652,0.614,0.773,0.8,2.1,2.9,0.7,0.6,0.1,0.3,1.2,5.4
262,2023,4413,Jamal Murray,PG,25.0,DEN,65,65.0,32.8,7.3,16.0,0.454,0.398,0.494,0.537,0.833,0.7,3.2,4.0,6.2,1.0,0.2,2.2,1.6,20.0
263,2023,5058,Jamaree Bouyea,PG,23.0,TOT,5,0.0,14.2,1.2,2.8,0.429,0.333,0.5,0.5,0.5,0.2,1.0,1.2,0.8,0.8,0.4,0.8,1.2,3.0
266,2023,4949,James Bouknight,SG,22.0,CHO,34,0.0,15.1,2.0,5.7,0.358,0.303,0.429,0.443,0.667,0.2,1.9,2.1,1.2,0.4,0.1,0.9,1.4,5.6
267,2023,3880,James Harden,PG,33.0,PHI,58,58.0,36.8,6.4,14.5,0.441,0.385,0.495,0.536,0.867,0.7,5.4,6.1,10.7,1.2,0.5,3.4,1.9,21.0
268,2023,3881,James Johnson,PF,35.0,IND,18,1.0,9.0,1.2,2.7,0.449,0.2,0.559,0.48,0.5,0.2,1.4,1.7,0.8,0.4,0.3,0.4,1.8,2.8
269,2023,4846,James Wiseman,C,21.0,TOT,45,22.0,19.3,4.2,7.5,0.558,0.2,0.58,0.563,0.701,1.6,4.3,5.9,0.7,0.2,0.6,1.1,2.4,10.0
272,2023,4255,JaMychal Green,PF,32.0,GSW,57,1.0,14.0,2.4,4.4,0.54,0.378,0.667,0.623,0.776,1.3,2.3,3.6,0.9,0.4,0.4,0.9,1.8,6.4
273,2023,4952,Jared Butler,SG,22.0,OKC,6,1.0,12.8,2.5,5.3,0.469,0.5,0.444,0.578,1000.0,0.2,0.5,0.7,1.3,0.8,0.0,0.8,0.8,6.2
274,2023,5059,Jared Rhoden,SG,23.0,DET,14,0.0,14.1,1.2,3.1,0.386,0.25,0.5,0.443,1.0,0.8,1.9,2.6,0.3,0.3,0.1,0.2,1.6,3.2
275,2023,4632,Jaren Jackson Jr.,C,23.0,MEM,63,63.0,28.4,6.6,13.0,0.506,0.355,0.585,0.567,0.788,1.7,5.0,6.8,1.0,1.0,3.0,1.7,3.6,18.6
276,2023,4634,Jarred Vanderbilt,PF,23.0,TOT,78,65.0,24.1,3.2,5.8,0.548,0.322,0.604,0.58,0.691,2.2,5.3,7.5,2.4,1.1,0.3,1.2,2.4,7.9
279,2023,4727,Jarrell Brantley,PF,26.0,UTA,4,0.0,9.8,2.0,3.5,0.571,0.444,0.8,0.714,1.0,0.3,1.3,1.5,0.8,0.0,0.5,0.5,0.8,5.5
280,2023,4515,Jarrett Allen,C,24.0,CLE,68,68.0,32.6,5.9,9.2,0.644,0.1,0.653,0.645,0.733,3.3,6.5,9.8,1.7,0.8,1.2,1.4,2.3,14.3
281,2023,4728,Jarrett Culver,SG,23.0,ATL,10,1.0,13.7,1.7,4.3,0.395,0.083,0.516,0.407,0.692,1.0,2.8,3.8,0.6,0.6,0.2,0.7,1.4,4.4
282,2023,5060,Jason Preston,PG,23.0,LAC,14,0.0,8.9,1.3,2.9,0.439,0.278,0.565,0.5,0.0,0.1,1.4,1.6,1.9,0.1,0.0,0.7,0.5,2.9
283,2023,3824,JaVale McGee,C,35.0,DAL,42,7.0,8.5,1.9,3.0,0.64,0.4,0.65,0.648,0.585,0.7,1.8,2.5,0.3,0.1,0.6,0.9,1.3,4.4
284,2023,4729,Javonte Green,SG,29.0,CHI,32,1.0,15.0,1.9,3.4,0.565,0.371,0.658,0.625,0.667,0.8,1.9,2.8,0.7,0.8,0.7,0.6,1.6,5.2
285,2023,4730,Jaxson Hayes,C,22.0,NOP,47,2.0,13.0,1.8,3.3,0.551,0.103,0.654,0.561,0.699,0.8,2.0,2.8,0.7,0.4,0.4,0.7,1.4,5.0
286,2023,4956,Jay Huff,C,24.0,WAS,7,0.0,13.6,2.1,3.6,0.6,0.5,0.692,0.72,0.938,0.9,2.1,3.0,1.4,0.4,0.6,0.7,2.1,7.3
287,2023,4847,Jay Scrubb,SG,22.0,ORL,2,0.0,15.0,2.5,3.5,0.714,1.0,0.6,0.857,0.5,0.0,3.0,3.0,0.5,1.0,0.0,1.5,1.0,6.5
288,2023,4415,Jaylen Brown,SF,26.0,BOS,67,67.0,35.9,10.1,20.6,0.491,0.335,0.576,0.55,0.765,1.2,5.7,6.9,3.5,1.1,0.4,2.9,2.6,26.6
289,2023,4732,Jaylen Nowell,SG,23.0,MIN,65,2.0,19.3,4.3,9.6,0.448,0.289,0.542,0.502,0.778,0.6,2.1,2.6,2.0,0.6,0.1,1.0,1.6,10.8
290,2023,5061,Jaylin Williams,PF,20.0,OKC,49,36.0,18.7,2.1,4.8,0.436,0.407,0.463,0.534,0.704,0.9,4.0,4.9,1.6,0.6,0.2,0.8,2.3,5.9
291,2023,4518,Jayson Tatum,PF,24.0,BOS,74,74.0,36.9,9.8,21.1,0.466,0.35,0.558,0.543,0.854,1.1,7.7,8.8,4.6,1.1,0.7,2.9,2.2,30.1
292,2023,5062,JD Davison,PG,20.0,BOS,12,0.0,5.5,0.7,1.6,0.421,0.286,0.5,0.474,0.5,0.2,0.6,0.8,0.9,0.2,0.2,0.3,0.4,1.6
293,2023,5063,Jeenathan Williams,SG,23.0,POR,5,4.0,25.4,4.8,7.8,0.615,0.375,0.677,0.654,0.667,2.0,1.0,3.0,2.0,0.6,0.4,0.8,2.6,10.6
294,2023,4958,Jeff Dowtin,PG,25.0,TOR,25,0.0,10.4,1.0,2.3,0.439,0.313,0.488,0.482,0.667,0.2,0.7,0.9,1.2,0.4,0.1,0.2,0.5,2.4
295,2023,3761,Jeff Green,PF,36.0,DEN,56,4.0,19.5,2.9,5.9,0.488,0.288,0.58,0.534,0.744,0.7,1.9,2.6,1.2,0.3,0.3,0.8,1.8,7.8
296,2023,4257,Jerami Grant,PF,28.0,POR,63,63.0,35.7,6.9,14.5,0.475,0.401,0.523,0.554,0.813,0.8,3.7,4.5,2.4,0.8,0.8,1.8,2.4,20.5
297,2023,4959,Jeremiah Robinson-Earl,PF,22.0,OKC,43,20.0,18.9,2.6,5.8,0.444,0.333,0.533,0.518,0.833,1.7,2.5,4.2,1.0,0.6,0.3,0.4,1.7,6.8
298,2023,5064,Jeremy Sochan,PF,19.0,SAS,56,53.0,26.0,4.5,9.9,0.453,0.246,0.519,0.483,0.698,1.7,3.6,5.3,2.5,0.8,0.4,1.7,2.5,11.0
299,2023,4960,Jericho Sims,C,24.0,NYK,52,16.0,15.6,1.6,2.1,0.776,0.0,0.783,0.776,0.75,1.9,2.8,4.7,0.5,0.3,0.5,0.5,1.8,3.4
300,2023,4638,Jevon Carter,PG,27.0,MIL,81,39.0,22.3,3.0,7.0,0.423,0.421,0.425,0.549,0.816,0.4,2.1,2.5,2.4,0.8,0.4,1.0,2.0,8.0
301,2023,4023,Jimmy Butler,SF,33.0,MIA,64,64.0,33.4,7.5,13.9,0.539,0.35,0.564,0.56,0.85,2.2,3.7,5.9,5.3,1.8,0.3,1.6,1.3,22.9
302,2023,4961,Jock Landale,C,27.0,PHO,69,4.0,14.2,2.6,4.9,0.528,0.25,0.621,0.559,0.752,1.7,2.3,4.1,1.0,0.2,0.4,0.9,1.8,6.6
303,2023,4260,Joe Harris,SG,31.0,BRK,74,33.0,20.6,2.7,5.9,0.457,0.426,0.551,0.618,0.643,0.3,1.9,2.2,1.4,0.5,0.2,0.6,1.9,7.6
304,2023,4261,Joe Ingles,SF,35.0,MIL,46,0.0,22.7,2.3,5.4,0.435,0.409,0.556,0.603,0.857,0.3,2.5,2.8,3.3,0.7,0.1,1.2,1.6,6.9
305,2023,4962,Joe Wieskamp,SF,23.0,TOR,9,0.0,5.6,0.3,1.6,0.214,0.25,0.0,0.321,1000.0,0.0,0.4,0.4,0.3,0.0,0.0,0.1,0.3,1.0
306,2023,4417,Joel Embiid,C,28.0,PHI,66,66.0,34.6,11.0,20.1,0.548,0.33,0.587,0.573,0.857,1.7,8.4,10.2,4.2,1.0,1.7,3.4,3.1,33.1
307,2023,5065,John Butler,C,20.0,POR,19,1.0,11.6,0.9,2.8,0.321,0.229,0.5,0.396,0.75,0.2,0.7,0.9,0.6,0.4,0.5,0.1,1.2,2.4
308,2023,4519,John Collins,PF,25.0,ATL,71,71.0,30.0,5.1,10.0,0.508,0.292,0.619,0.557,0.803,1.1,5.4,6.5,1.2,0.6,1.0,1.1,3.1,13.1
309,2023,4734,John Konchar,SG,26.0,MEM,72,23.0,20.8,1.9,4.4,0.431,0.339,0.545,0.525,0.778,0.9,3.4,4.3,1.4,1.1,0.3,0.5,1.6,5.1
310,2023,3951,John Wall,PG,32.0,LAC,34,3.0,22.2,4.1,9.9,0.408,0.303,0.459,0.457,0.681,0.4,2.3,2.7,5.2,0.8,0.4,2.4,1.7,11.4
311,2023,5066,Johnny Davis,SG,20.0,WAS,28,5.0,15.1,2.4,6.1,0.386,0.243,0.485,0.436,0.519,0.3,1.9,2.3,1.0,0.4,0.3,0.6,1.7,5.8
312,2023,5067,Johnny Juzang,SF,21.0,UTA,18,0.0,12.9,1.9,5.8,0.337,0.238,0.488,0.409,0.5,0.4,1.7,2.2,0.4,0.2,0.2,0.2,0.7,4.8
313,2023,4100,Jonas Valančiūnas,C,30.0,NOP,79,79.0,24.9,5.6,10.3,0.547,0.349,0.577,0.57,0.826,2.8,7.3,10.2,1.8,0.3,0.7,2.0,3.1,14.1
314,2023,4522,Jonathan Isaac,PF,25.0,ORL,11,0.0,11.3,2.0,4.8,0.415,0.4,0.421,0.472,0.556,1.4,2.6,4.0,0.5,1.3,0.4,0.4,0.5,5.0
315,2023,4965,Jonathan Kuminga,PF,20.0,GSW,67,16.0,20.8,3.9,7.4,0.525,0.37,0.59,0.579,0.652,1.0,2.4,3.4,1.9,0.6,0.5,1.4,2.3,9.9
316,2023,4265,Jordan Clarkson,SG,30.0,UTA,61,61.0,32.6,7.5,16.9,0.444,0.338,0.53,0.519,0.816,1.2,2.9,4.0,4.4,0.5,0.2,3.0,2.0,20.8
317,2023,4966,Jordan Goodwin,PG,24.0,WAS,62,7.0,17.8,2.5,5.7,0.448,0.322,0.511,0.501,0.768,0.9,2.4,3.3,2.7,0.9,0.4,0.9,1.5,6.6
318,2023,5068,Jordan Hall,SF,21.0,SAS,9,0.0,9.2,1.0,3.1,0.321,0.2,0.462,0.375,0.778,0.3,1.0,1.3,1.2,0.1,0.0,0.8,0.7,3.1
319,2023,4736,Jordan McLaughlin,PG,26.0,MIN,43,0.0,15.8,1.4,3.4,0.421,0.308,0.552,0.503,0.833,0.3,1.1,1.4,3.4,0.7,0.1,0.8,0.7,3.7
320,2023,4849,Jordan Nwora,SF,24.0,TOT,62,14.0,19.2,3.1,7.2,0.436,0.408,0.462,0.533,0.791,0.8,2.9,3.7,1.4,0.4,0.2,1.1,1.2,8.7
323,2023,4737,Jordan Poole,PG,23.0,GSW,82,43.0,30.0,6.7,15.6,0.43,0.336,0.524,0.514,0.87,0.4,2.4,2.7,4.5,0.8,0.3,3.1,2.6,20.4
324,2023,4967,Jordan Schakel,SF,24.0,WAS,2,0.0,3.0,0.5,1.0,0.5,1.0,0.0,0.75,1000.0,0.0,0.0,0.0,0.5,0.5,0.0,0.0,0.5,1.5
325,2023,4968,Jose Alvarado,PG,24.0,NOP,61,10.0,21.5,3.3,8.0,0.411,0.336,0.488,0.496,0.813,0.5,1.9,2.3,3.0,1.1,0.2,1.3,2.0,9.0
326,2023,4969,Josh Christopher,SG,21.0,HOU,64,2.0,12.3,2.4,5.1,0.465,0.236,0.55,0.497,0.75,0.3,0.8,1.1,1.1,0.5,0.2,0.9,0.9,5.8
327,2023,4970,Josh Giddey,SG,20.0,OKC,76,76.0,31.1,7.1,14.7,0.482,0.325,0.524,0.516,0.731,1.9,5.9,7.9,6.2,0.8,0.4,2.8,1.9,16.6
328,2023,4850,Josh Green,SG,22.0,DAL,60,21.0,25.7,3.4,6.4,0.537,0.402,0.643,0.626,0.723,0.9,2.1,3.0,1.7,0.7,0.1,1.2,2.6,9.1
329,2023,4525,Josh Hart,SF-SG,27.0,TOT,76,52.0,32.3,3.6,6.8,0.529,0.372,0.601,0.588,0.75,1.9,5.9,7.8,3.8,1.2,0.3,1.5,2.6,9.8
332,2023,5069,Josh Minott,SF,20.0,MIN,15,0.0,6.4,1.2,2.4,0.5,0.333,0.533,0.528,1.0,0.3,1.3,1.7,0.3,0.3,0.4,0.2,0.7,3.1
333,2023,4644,Josh Okogie,SG,24.0,PHO,72,26.0,18.8,2.3,5.8,0.391,0.335,0.442,0.471,0.724,1.5,2.0,3.5,1.5,0.8,0.5,0.9,1.6,7.3
334,2023,4336,Josh Richardson,SG,29.0,TOT,65,10.0,23.5,3.7,8.5,0.431,0.365,0.506,0.528,0.852,0.6,2.1,2.7,2.7,1.1,0.3,1.3,1.8,10.1
337,2023,4971,Joshua Primo,SG,20.0,SAS,4,0.0,23.3,2.3,6.5,0.346,0.25,0.429,0.404,0.778,0.5,2.8,3.3,4.5,0.3,0.5,2.8,2.0,7.0
338,2023,3891,Jrue Holiday,PG,32.0,MIL,67,65.0,32.6,7.3,15.3,0.479,0.384,0.542,0.556,0.859,1.2,3.9,5.1,7.4,1.2,0.4,2.9,1.7,19.3
339,2023,4972,JT Thor,PF,20.0,CHO,69,8.0,14.0,1.4,3.4,0.399,0.317,0.487,0.481,0.702,0.5,1.7,2.2,0.5,0.3,0.3,0.6,1.0,3.8
340,2023,4739,Juan Toscano-Anderson,SF,29.0,TOT,52,9.0,13.5,1.2,2.8,0.448,0.186,0.56,0.476,0.792,0.5,1.8,2.4,1.3,0.3,0.2,0.7,1.5,3.0
343,2023,4419,Juancho Hernangómez,PF,27.0,TOR,42,10.0,14.6,1.1,2.7,0.421,0.254,0.66,0.496,0.563,0.6,2.3,2.9,0.6,0.4,0.1,0.4,1.0,2.9
344,2023,5070,Julian Champagnie,SF,21.0,TOT,17,3.0,18.8,3.5,7.6,0.454,0.402,0.542,0.581,0.824,0.6,2.9,3.5,0.6,0.4,0.3,0.6,1.5,9.7
347,2023,4266,Julius Randle,PF,28.0,NYK,77,77.0,35.5,8.5,18.6,0.459,0.343,0.553,0.536,0.757,1.8,8.1,10.0,4.1,0.6,0.3,2.8,3.0,25.1
348,2023,4973,Justin Champagnie,SF,21.0,TOT,5,0.0,6.8,1.0,3.0,0.333,0.2,0.4,0.367,1000.0,0.6,1.0,1.6,0.8,0.2,0.0,0.0,0.4,2.2
351,2023,4102,Justin Holiday,SG,33.0,TOT,46,2.0,15.3,1.7,4.4,0.377,0.322,0.508,0.49,0.625,0.1,1.1,1.2,0.9,0.4,0.4,0.5,1.5,4.5
354,2023,4528,Justin Jackson,SF,27.0,BOS,23,0.0,4.7,0.3,1.2,0.259,0.25,0.286,0.352,0.5,0.1,0.7,0.7,0.4,0.2,0.2,0.1,0.3,0.9
355,2023,5071,Justin Minaya,SF,23.0,POR,4,0.0,22.3,1.8,5.8,0.304,0.25,0.364,0.37,0.0,0.8,3.0,3.8,1.0,0.5,1.3,1.0,2.3,4.3
356,2023,4338,Justise Winslow,SF,26.0,POR,29,11.0,26.8,2.8,6.8,0.409,0.311,0.438,0.444,0.714,1.7,3.3,5.0,3.4,1.0,0.4,1.5,3.1,6.8
357,2023,4267,Jusuf Nurkić,C,28.0,POR,52,52.0,26.8,5.0,9.7,0.519,0.361,0.567,0.561,0.661,2.2,6.9,9.1,2.9,0.8,0.8,2.3,3.6,13.3
358,2023,4974,Kai Jones,C,22.0,CHO,46,0.0,12.0,1.5,2.6,0.558,0.211,0.624,0.575,0.731,0.8,1.9,2.7,0.3,0.4,0.7,0.7,1.4,3.4
359,2023,4339,Karl-Anthony Towns,PF,27.0,MIN,29,29.0,33.0,7.3,14.8,0.495,0.366,0.576,0.565,0.874,1.7,6.5,8.1,4.8,0.7,0.6,3.0,3.8,20.8
360,2023,4032,Kawhi Leonard,SF,31.0,LAC,52,50.0,33.6,8.6,16.8,0.512,0.416,0.551,0.572,0.871,1.1,5.4,6.5,3.9,1.4,0.5,1.7,1.6,23.8
361,2023,5072,Keegan Murray,SF,22.0,SAC,80,78.0,29.8,4.4,9.8,0.453,0.411,0.527,0.584,0.765,1.1,3.5,4.6,1.2,0.8,0.5,0.8,2.0,12.2
362,2023,4646,Keita Bates-Diop,SF,27.0,SAS,67,42.0,21.7,3.5,6.9,0.508,0.394,0.557,0.568,0.793,1.0,2.7,3.7,1.5,0.7,0.3,0.8,0.9,9.7
363,2023,4745,Keldon Johnson,SF,23.0,SAS,63,63.0,32.7,8.0,17.7,0.452,0.329,0.523,0.512,0.749,0.9,4.2,5.0,2.9,0.7,0.2,2.1,2.0,22.0
364,2023,4177,Kelly Olynyk,C,31.0,UTA,68,68.0,28.6,4.1,8.2,0.499,0.394,0.576,0.583,0.853,1.2,5.0,6.2,3.7,0.9,0.5,2.5,3.4,12.5
365,2023,4341,Kelly Oubre Jr.,SF,27.0,CHO,48,40.0,32.3,7.4,17.1,0.431,0.319,0.51,0.497,0.76,1.4,3.8,5.2,1.1,1.4,0.4,1.3,2.9,20.3
366,2023,4034,Kemba Walker,PG,32.0,DAL,9,1.0,16.0,2.7,6.3,0.421,0.25,0.586,0.482,0.81,0.3,1.4,1.8,2.1,0.2,0.2,0.4,1.2,8.0
367,2023,5073,Kendall Brown,SG,19.0,IND,6,0.0,6.7,0.7,1.2,0.571,0.0,0.667,0.571,0.5,0.3,0.7,1.0,0.5,0.7,0.0,0.3,1.5,1.5
368,2023,4746,Kendrick Nunn,SG-PG,27.0,TOT,70,2.0,13.8,2.7,6.4,0.424,0.354,0.493,0.512,0.854,0.2,1.3,1.6,1.3,0.4,0.1,0.9,0.9,7.1
371,2023,5074,Kennedy Chandler,PG,20.0,MEM,36,0.0,7.8,1.0,2.3,0.422,0.133,0.485,0.434,0.462,0.3,0.8,1.1,1.6,0.3,0.1,0.5,0.4,2.2
372,2023,5075,Kenneth Lofton Jr.,PF,20.0,MEM,24,1.0,7.3,2.0,3.9,0.527,0.353,0.566,0.559,0.593,0.8,1.3,2.1,0.8,0.2,0.1,0.5,1.2,5.0
373,2023,4647,Kenrich Williams,PF,28.0,OKC,53,10.0,22.8,3.4,6.5,0.517,0.373,0.608,0.59,0.436,1.8,3.1,4.9,2.0,0.8,0.3,0.6,2.1,8.0
374,2023,4178,Kentavious Caldwell-Pope,SG,29.0,DEN,76,76.0,31.3,3.8,8.3,0.462,0.423,0.502,0.569,0.824,0.5,2.3,2.7,2.4,1.5,0.5,1.1,1.9,10.8
375,2023,4854,Kenyon Martin Jr.,SF,22.0,HOU,82,49.0,28.0,5.0,8.8,0.569,0.315,0.679,0.617,0.68,1.5,4.0,5.5,1.5,0.5,0.4,1.1,1.8,12.7
376,2023,5076,Keon Ellis,SG,23.0,SAC,16,0.0,4.4,0.4,1.0,0.438,0.5,0.25,0.625,0.571,0.3,0.3,0.5,0.4,0.3,0.1,0.1,0.6,1.5
377,2023,4976,Keon Johnson,SG,20.0,POR,40,0.0,10.4,1.7,4.5,0.376,0.346,0.402,0.455,0.659,0.3,0.8,1.1,1.5,0.5,0.2,1.1,1.1,4.7
378,2023,4977,Kessler Edwards,SF,22.0,TOT,36,4.0,10.7,1.0,2.6,0.387,0.309,0.5,0.478,0.733,0.6,1.1,1.7,0.6,0.4,0.2,0.4,1.1,2.8
381,2023,3770,Kevin Durant,PF-SF,34.0,TOT,47,47.0,35.6,10.3,18.3,0.56,0.404,0.617,0.614,0.919,0.4,6.3,6.7,5.0,0.7,1.4,3.3,2.1,29.1
384,2023,4648,Kevin Huerter,SG,24.0,SAC,75,75.0,29.4,5.6,11.5,0.485,0.402,0.604,0.603,0.725,0.6,2.8,3.3,2.9,1.1,0.3,1.3,2.4,15.2
385,2023,4649,Kevin Knox,PF-SF,23.0,TOT,63,5.0,15.1,2.4,5.3,0.458,0.349,0.596,0.556,0.767,0.5,2.3,2.8,0.5,0.4,0.2,0.8,1.5,6.6
388,2023,3830,Kevin Love,PF,34.0,TOT,62,20.0,20.0,2.7,6.8,0.389,0.334,0.516,0.506,0.879,1.0,5.5,6.4,1.9,0.3,0.2,1.1,1.6,8.2
391,2023,4748,Kevin Porter Jr.,PG,22.0,HOU,59,59.0,34.3,6.6,15.0,0.442,0.366,0.501,0.522,0.784,1.3,4.0,5.3,5.7,1.4,0.3,3.2,2.6,19.2
392,2023,5077,Kevon Harris,SG,25.0,ORL,34,0.0,13.4,1.4,3.1,0.439,0.372,0.484,0.514,0.756,0.8,1.2,2.1,0.5,0.5,0.1,0.6,1.6,4.1
393,2023,4342,Kevon Looney,C,26.0,GSW,82,70.0,23.9,3.0,4.7,0.63,0.0,0.632,0.63,0.606,3.3,5.9,9.3,2.5,0.6,0.6,0.5,2.7,7.0
394,2023,4531,Khem Birch,C,30.0,TOR,20,0.0,8.1,1.0,1.6,0.594,0.5,0.6,0.609,0.8,0.4,0.9,1.3,0.4,0.3,0.3,0.4,1.2,2.2
395,2023,4107,Khris Middleton,SF,31.0,MIL,33,19.0,24.3,5.4,12.3,0.436,0.315,0.516,0.499,0.902,0.8,3.4,4.2,4.9,0.7,0.2,2.2,2.1,15.1
396,2023,4855,Killian Hayes,PG,21.0,DET,76,56.0,28.3,4.0,10.7,0.377,0.28,0.429,0.426,0.821,0.4,2.5,2.9,6.2,1.4,0.4,2.3,2.9,10.3
397,2023,4857,Kira Lewis Jr.,PG,21.0,NOP,25,0.0,9.4,1.6,3.5,0.455,0.441,0.463,0.54,0.864,0.2,1.1,1.3,0.9,0.4,0.1,0.4,1.0,4.6
398,2023,4036,Klay Thompson,SG,32.0,GSW,69,69.0,33.0,7.9,18.1,0.436,0.412,0.47,0.556,0.879,0.6,3.6,4.1,2.4,0.7,0.4,1.8,1.9,21.9
399,2023,4532,Kobi Simmons,PG,25.0,CHO,5,0.0,5.6,0.2,1.2,0.167,0.2,0.0,0.25,1.0,0.2,0.6,0.8,1.0,0.0,0.4,0.2,0.0,1.0
400,2023,4421,Kris Dunn,PG,28.0,UTA,22,3.0,25.8,5.3,9.8,0.537,0.472,0.55,0.576,0.774,0.4,4.1,4.5,5.6,1.1,0.5,1.6,2.6,13.2
401,2023,4343,Kristaps Porziņģis,C,27.0,WAS,65,65.0,32.6,7.8,15.7,0.498,0.385,0.559,0.565,0.851,1.8,6.6,8.4,2.7,0.9,1.5,2.1,3.0,23.2
402,2023,4271,Kyle Anderson,PF,29.0,MIN,69,46.0,28.4,3.7,7.2,0.509,0.41,0.536,0.553,0.735,1.0,4.4,5.3,4.9,1.1,0.9,1.5,2.1,9.4
403,2023,4534,Kyle Kuzma,PF,27.0,WAS,64,64.0,35.0,8.0,17.8,0.448,0.333,0.533,0.518,0.73,0.9,6.4,7.2,3.7,0.6,0.5,3.0,2.3,21.2
404,2023,3685,Kyle Lowry,PG,36.0,MIA,55,44.0,31.2,3.6,8.8,0.404,0.345,0.509,0.514,0.859,0.8,3.3,4.1,5.1,1.0,0.4,1.9,2.6,11.2
405,2023,4037,Kyrie Irving,PG,30.0,TOT,60,60.0,37.4,9.9,20.1,0.494,0.379,0.574,0.572,0.905,1.0,4.1,5.1,5.5,1.1,0.8,2.1,2.8,27.1
408,2023,4752,KZ Okpala,PF,23.0,SAC,35,3.0,7.1,0.5,1.1,0.421,0.333,0.529,0.513,0.875,0.2,0.8,1.0,0.4,0.2,0.2,0.2,1.1,1.3
409,2023,4858,Lamar Stevens,PF,25.0,CLE,62,25.0,18.1,2.1,4.6,0.448,0.316,0.513,0.5,0.702,0.8,2.6,3.3,0.5,0.4,0.3,0.4,1.3,5.3
410,2023,4859,LaMelo Ball,PG,21.0,CHO,36,36.0,35.2,8.2,20.0,0.411,0.376,0.45,0.51,0.836,1.2,5.3,6.4,8.4,1.3,0.3,3.6,3.3,23.3
411,2023,4652,Landry Shamet,SG,25.0,PHO,40,9.0,20.2,2.8,7.5,0.377,0.377,0.376,0.502,0.882,0.3,1.4,1.7,2.3,0.7,0.1,0.9,1.5,8.7
412,2023,4345,Larry Nance Jr.,PF,30.0,NOP,65,1.0,21.2,2.9,4.7,0.61,0.333,0.654,0.633,0.696,1.6,3.8,5.4,1.8,0.9,0.6,0.6,2.0,6.8
413,2023,4535,Lauri Markkanen,SF,25.0,UTA,66,66.0,34.4,8.7,17.3,0.499,0.391,0.585,0.586,0.875,2.0,6.7,8.6,1.9,0.6,0.6,1.9,2.1,25.6
414,2023,4979,Leandro Bolmaro,SG,22.0,UTA,14,0.0,4.9,0.2,1.4,0.15,0.0,0.188,0.15,1000.0,0.3,0.2,0.5,0.5,0.2,0.1,0.5,0.7,0.4
415,2023,3463,LeBron James,PF,38.0,LAL,55,54.0,35.5,11.1,22.2,0.5,0.321,0.58,0.549,0.768,1.2,7.1,8.3,6.8,0.9,0.6,3.2,1.6,28.9
416,2023,5078,Lester Quinones,SG,22.0,GSW,4,0.0,4.5,0.5,1.3,0.4,0.5,0.0,0.6,0.667,0.3,0.5,0.8,0.5,0.3,0.0,1.3,0.0,2.5
417,2023,4980,Lindell Wigginton,PG,24.0,MIL,7,1.0,12.4,2.6,5.3,0.486,0.333,0.632,0.568,0.889,0.0,1.0,1.0,2.0,0.0,0.3,1.7,1.0,7.1
418,2023,4981,Lindy Waters III,SG,25.0,OKC,41,0.0,13.0,1.7,4.3,0.393,0.358,0.75,0.556,0.8,0.4,1.4,1.8,0.7,0.3,0.3,0.2,1.0,5.2
419,2023,4653,Lonnie Walker IV,SG,24.0,LAL,56,32.0,23.2,4.2,9.4,0.448,0.365,0.522,0.534,0.858,0.3,1.7,1.9,1.1,0.5,0.3,0.8,1.3,11.7
420,2023,4753,Louis King,SF,23.0,PHI,1,0.0,29.0,8.0,13.0,0.615,0.5,0.8,0.769,0.0,2.0,2.0,4.0,2.0,1.0,0.0,2.0,4.0,20.0
421,2023,4754,Luguentz Dort,SG,23.0,OKC,74,73.0,30.7,4.6,11.8,0.388,0.33,0.44,0.466,0.772,1.7,2.9,4.6,2.1,1.0,0.3,1.2,3.3,13.7
422,2023,4654,Luka Dončić,PG,23.0,DAL,66,66.0,36.2,10.9,22.0,0.496,0.342,0.588,0.56,0.742,0.8,7.8,8.6,8.0,1.4,0.5,3.6,2.5,32.4
423,2023,4982,Luka Garza,C,24.0,MIN,28,0.0,8.7,2.3,4.1,0.543,0.359,0.636,0.603,0.788,1.2,1.1,2.3,0.6,0.1,0.1,0.5,1.5,6.5
424,2023,4755,Luka Šamanić,PF,23.0,UTA,7,4.0,23.0,3.7,8.1,0.456,0.258,0.692,0.526,0.692,0.0,4.3,4.3,2.1,0.9,0.3,1.4,2.4,9.9
425,2023,4538,Luke Kennard,SG,26.0,TOT,59,14.0,22.3,3.2,6.5,0.492,0.494,0.487,0.666,0.949,0.3,2.4,2.7,1.5,0.5,0.1,0.8,1.4,9.3
428,2023,4539,Luke Kornet,C,27.0,BOS,69,0.0,11.7,1.6,2.5,0.665,0.231,0.701,0.674,0.821,1.2,1.6,2.9,0.8,0.2,0.7,0.4,1.2,3.8
429,2023,4984,Mac McClung,SG,24.0,PHI,2,0.0,20.5,4.5,10.0,0.45,0.364,0.556,0.55,0.6,1.5,3.5,5.0,4.5,0.0,0.0,1.5,1.5,12.5
430,2023,4860,Malachi Flynn,PG,24.0,TOR,53,2.0,13.0,1.6,4.6,0.36,0.353,0.367,0.457,0.758,0.3,1.2,1.4,1.3,0.4,0.1,0.5,1.2,4.6
431,2023,5079,Malaki Branham,SF,19.0,SAS,66,32.0,23.5,4.1,9.3,0.44,0.302,0.539,0.503,0.829,0.4,2.3,2.7,1.9,0.5,0.1,1.2,1.7,10.2
432,2023,4424,Malcolm Brogdon,PG,30.0,BOS,67,0.0,26.0,5.3,10.9,0.484,0.444,0.51,0.574,0.87,0.6,3.6,4.2,3.7,0.7,0.3,1.5,1.6,14.9
433,2023,4985,Malcolm Hill,SF,27.0,CHI,5,0.0,1.8,0.4,0.8,0.5,0.333,1.0,0.625,1000.0,0.0,0.6,0.6,0.0,0.0,0.0,0.0,0.2,1.0
434,2023,4426,Malik Beasley,SG,26.0,TOT,81,27.0,25.8,4.6,11.6,0.395,0.357,0.484,0.52,0.769,0.4,3.1,3.5,1.5,0.8,0.1,1.1,1.3,12.7
437,2023,4541,Malik Monk,SG,24.0,SAC,77,0.0,22.3,4.6,10.3,0.448,0.359,0.538,0.538,0.889,0.4,2.2,2.6,3.9,0.6,0.3,1.9,1.6,13.5
438,2023,4862,Mamadi Diakite,PF,26.0,CLE,22,2.0,8.0,1.1,2.3,0.48,0.333,0.586,0.55,1.0,0.4,1.0,1.4,0.4,0.2,0.4,0.5,1.2,2.6
439,2023,4042,Marcus Morris,PF,33.0,LAC,65,65.0,28.1,4.2,9.9,0.426,0.364,0.484,0.513,0.782,0.4,3.5,4.0,1.8,0.6,0.3,0.9,2.1,11.2
440,2023,4275,Marcus Smart,PG,28.0,BOS,61,61.0,32.1,4.1,9.9,0.415,0.336,0.519,0.511,0.746,0.8,2.4,3.1,6.3,1.5,0.4,2.3,2.8,11.5
441,2023,5080,MarJon Beauchamp,SF,22.0,MIL,52,11.0,13.5,1.8,4.7,0.395,0.331,0.485,0.492,0.73,0.7,1.5,2.2,0.7,0.4,0.1,0.9,1.4,5.1
442,2023,5081,Mark Williams,C,21.0,CHO,43,17.0,19.3,3.7,5.8,0.637,1000.0,0.637,0.637,0.691,2.2,4.9,7.1,0.4,0.7,1.0,0.9,2.2,9.0
443,2023,4544,Markelle Fultz,PG,24.0,ORL,60,60.0,29.6,5.8,11.3,0.514,0.31,0.544,0.534,0.783,1.2,2.8,3.9,5.7,1.5,0.4,2.3,2.2,14.0
444,2023,4043,Markieff Morris,PF,33.0,TOT,35,2.0,10.1,1.3,3.3,0.409,0.394,0.432,0.53,1.0,0.4,1.7,2.0,0.9,0.3,0.1,0.5,1.4,3.8
447,2023,4987,Marko Simonovic,C,23.0,CHI,7,0.0,2.9,0.3,1.0,0.286,0.25,0.333,0.357,0.5,0.1,0.1,0.3,0.0,0.0,0.0,0.0,0.7,0.9
448,2023,4656,Marvin Bagley III,C,23.0,DET,42,25.0,23.6,4.8,9.1,0.529,0.288,0.579,0.554,0.75,2.2,4.2,6.4,0.9,0.5,0.7,1.1,1.9,12.0
449,2023,4180,Mason Plumlee,C,32.0,TOT,79,60.0,26.0,4.2,6.1,0.68,1000.0,0.68,0.68,0.636,2.9,6.0,8.9,3.1,0.6,0.6,1.5,2.7,10.8
452,2023,4760,Matisse Thybulle,SG,25.0,TOT,71,28.0,16.9,1.5,3.6,0.435,0.365,0.533,0.542,0.679,0.6,1.4,2.0,0.7,1.2,0.5,0.3,1.6,4.1
455,2023,4988,Matt Ryan,SF,25.0,TOT,34,0.0,9.1,1.2,3.2,0.37,0.381,0.333,0.519,0.833,0.1,0.6,0.8,0.5,0.1,0.0,0.2,0.8,3.6
458,2023,4181,Matthew Dellavedova,PG,32.0,SAC,32,0.0,6.7,0.5,1.6,0.34,0.333,0.348,0.43,0.571,0.0,0.4,0.4,1.3,0.2,0.0,0.3,0.6,1.5
459,2023,5082,Max Christie,SG,19.0,LAL,41,3.0,12.5,1.1,2.6,0.415,0.419,0.409,0.538,0.875,0.2,1.7,1.8,0.5,0.2,0.2,0.3,0.8,3.1
460,2023,4763,Max Strus,SF,26.0,MIA,80,33.0,28.4,4.1,9.9,0.41,0.35,0.559,0.535,0.876,0.6,2.6,3.2,2.1,0.5,0.2,0.9,2.1,11.5
461,2023,4547,Maxi Kleber,C,31.0,DAL,37,5.0,25.1,2.1,4.6,0.456,0.348,0.667,0.571,0.711,0.8,2.8,3.6,1.4,0.3,0.8,0.7,2.3,5.9
462,2023,4989,McKinley Wright IV,PG,24.0,DAL,27,1.0,12.4,1.7,3.6,0.469,0.321,0.529,0.515,0.684,0.3,1.4,1.7,2.1,0.3,0.2,0.7,0.9,4.2
463,2023,4116,Meyers Leonard,C,30.0,MIL,9,2.0,12.7,1.6,3.2,0.483,0.389,0.636,0.603,0.889,1.3,2.4,3.8,0.1,0.2,0.0,0.7,1.8,4.8
464,2023,4764,Mfiondu Kabengele,PF,25.0,BOS,4,0.0,9.0,0.5,1.8,0.286,0.0,0.5,0.286,1.0,1.3,1.3,2.5,0.0,0.5,0.0,0.3,0.8,1.5
465,2023,4990,Micah Potter,PF,24.0,UTA,7,0.0,7.4,1.4,2.1,0.667,0.571,0.75,0.8,1000.0,0.4,1.9,2.3,0.6,0.1,0.0,0.3,0.7,3.4
466,2023,4182,Michael Carter-Williams,PG,31.0,ORL,4,0.0,11.0,1.5,3.5,0.429,0.333,0.455,0.464,0.571,0.3,1.0,1.3,1.8,0.3,0.3,1.0,1.3,4.3
467,2023,5083,Michael Foster Jr.,PF,20.0,PHI,1,0.0,1.0,0.0,0.0,1000.0,1000.0,1000.0,1000.0,1000.0,0.0,0.0,0.0,0.0,0.0,0.0,0.0,0.0,0.0
468,2023,4766,Michael Porter Jr.,SF,24.0,DEN,62,62.0,29.0,6.4,13.2,0.487,0.414,0.579,0.602,0.8,1.0,4.5,5.5,1.0,0.6,0.5,1.1,1.9,17.4
469,2023,4658,Mikal Bridges,SF,26.0,TOT,83,83.0,35.7,7.1,15.3,0.468,0.382,0.514,0.535,0.895,1.0,3.4,4.4,3.3,1.1,0.7,1.5,1.9,20.1
472,2023,3779,Mike Conley,PG,35.0,TOT,67,66.0,30.3,3.9,9.1,0.428,0.385,0.486,0.539,0.834,0.5,2.2,2.7,6.7,1.1,0.2,1.5,2.1,11.9
475,2023,4183,Mike Muscala,C,31.0,TOT,63,9.0,15.0,2.1,4.6,0.449,0.391,0.588,0.587,0.769,0.6,2.6,3.2,0.8,0.2,0.4,0.4,1.6,6.1
478,2023,4991,Miles McBride,PG,22.0,NYK,64,2.0,11.9,1.2,3.4,0.358,0.299,0.457,0.451,0.667,0.2,0.6,0.8,1.1,0.6,0.1,0.4,0.9,3.5
479,2023,4661,Mitchell Robinson,C,24.0,NYK,59,58.0,27.0,3.2,4.7,0.671,1000.0,0.671,0.671,0.484,4.5,4.9,9.4,0.9,0.9,1.8,0.7,2.7,7.4
480,2023,4662,Mo Bamba,C,24.0,TOT,49,7.0,15.7,2.4,4.9,0.485,0.387,0.59,0.585,0.661,1.2,3.4,4.6,0.9,0.3,0.9,0.6,2.1,6.6
483,2023,4551,Monte Morris,PG,27.0,WAS,62,61.0,27.3,4.0,8.3,0.48,0.382,0.543,0.555,0.831,0.4,3.0,3.4,5.3,0.7,0.2,1.0,1.2,10.3
484,2023,4349,Montrezl Harrell,C,29.0,PHI,57,7.0,11.9,2.2,3.7,0.598,0.0,0.616,0.598,0.693,1.2,1.6,2.8,0.6,0.3,0.4,0.6,1.3,5.6
485,2023,4663,Moritz Wagner,C,25.0,ORL,57,18.0,19.5,3.5,6.9,0.5,0.313,0.631,0.564,0.841,1.2,3.3,4.5,1.5,0.6,0.2,1.2,2.4,10.5
486,2023,4768,Moses Brown,C,23.0,TOT,36,1.0,8.2,1.7,2.7,0.635,1000.0,0.635,0.635,0.458,1.6,2.3,3.9,0.1,0.1,0.4,0.4,1.1,4.3
489,2023,4992,Moses Moody,SG,20.0,GSW,63,3.0,13.0,1.7,3.6,0.476,0.363,0.641,0.584,0.698,0.4,1.2,1.7,0.8,0.3,0.1,0.5,0.9,4.8
490,2023,5084,Moussa Diabaté,PF,21.0,LAC,22,1.0,8.9,1.1,2.1,0.511,0.5,0.511,0.521,0.625,1.4,0.9,2.3,0.2,0.3,0.4,0.4,0.7,2.7
491,2023,4350,Myles Turner,C,26.0,IND,62,62.0,29.4,6.5,11.8,0.548,0.373,0.638,0.612,0.783,1.4,6.1,7.5,1.4,0.6,2.3,1.7,3.5,18.0
492,2023,4865,Naji Marshall,SF,25.0,NOP,77,21.0,23.3,3.2,7.4,0.433,0.303,0.513,0.49,0.789,0.6,3.0,3.6,2.5,0.7,0.2,1.3,1.5,9.1
493,2023,4770,Nassir Little,SF,22.0,POR,54,4.0,18.1,2.5,5.6,0.442,0.367,0.524,0.538,0.717,0.5,2.1,2.6,0.9,0.4,0.4,0.7,1.2,6.6
494,2023,4868,Nathan Knight,PF,25.0,MIN,38,0.0,7.7,1.2,2.1,0.568,0.364,0.644,0.617,0.684,0.6,0.9,1.5,0.3,0.3,0.2,0.6,1.1,3.7
495,2023,4771,Naz Reid,C,23.0,MIN,68,11.0,18.4,4.6,8.5,0.537,0.346,0.653,0.602,0.677,1.1,3.8,4.9,1.1,0.6,0.8,1.4,2.6,11.5
496,2023,4995,Neemias Queta,C,23.0,SAC,5,0.0,5.8,1.2,1.8,0.667,1000.0,0.667,0.667,0.0,1.0,1.2,2.2,0.2,0.0,0.4,0.2,1.4,2.4
497,2023,4278,Nerlens Noel,C,28.0,TOT,17,4.0,11.5,0.8,2.1,0.361,0.5,0.353,0.375,0.667,0.6,2.1,2.7,0.6,0.9,0.6,0.8,1.9,2.1
500,2023,4772,Nic Claxton,C,23.0,BRK,76,76.0,29.9,5.4,7.7,0.705,0.0,0.708,0.705,0.541,2.4,6.8,9.2,1.9,0.9,2.5,1.3,2.8,12.6
501,2023,4869,Nick Richards,C,25.0,CHO,65,9.0,18.7,3.0,4.8,0.629,1.0,0.628,0.631,0.749,2.3,4.1,6.4,0.6,0.2,1.1,0.9,2.4,8.2
502,2023,4773,Nickeil Alexander-Walker,SG,24.0,TOT,59,3.0,15.0,2.2,5.0,0.444,0.384,0.515,0.547,0.667,0.3,1.5,1.7,1.8,0.5,0.4,0.9,1.5,6.2
505,2023,3841,Nicolas Batum,PF,34.0,LAC,78,19.0,21.9,2.1,4.9,0.42,0.391,0.563,0.583,0.708,0.8,3.0,3.8,1.6,0.7,0.6,0.6,1.9,6.1
506,2023,4352,Nikola Jokić,C,27.0,DEN,69,69.0,33.7,9.4,14.8,0.632,0.383,0.675,0.66,0.822,2.4,9.4,11.8,9.8,1.3,0.7,3.6,2.5,24.5
507,2023,5085,Nikola Jović,PF,19.0,MIA,15,8.0,13.6,1.9,4.6,0.406,0.229,0.588,0.464,0.947,0.6,1.5,2.1,0.7,0.5,0.1,0.7,1.3,5.5
508,2023,4047,Nikola Vučević,C,32.0,CHI,82,82.0,33.5,7.3,14.0,0.52,0.349,0.594,0.573,0.835,1.9,9.1,11.0,3.2,0.7,0.7,1.7,2.2,17.6
509,2023,4282,Noah Vonleh,C,27.0,BOS,23,1.0,7.4,0.5,1.0,0.458,0.25,0.5,0.479,1.0,0.8,1.3,2.1,0.3,0.1,0.3,0.5,1.5,1.1
510,2023,4353,Norman Powell,SG,29.0,LAC,60,8.0,26.1,5.7,11.8,0.479,0.397,0.534,0.559,0.812,0.4,2.5,2.9,1.8,0.8,0.3,1.7,2.1,17.0
511,2023,4871,Obi Toppin,PF,24.0,NYK,67,5.0,15.7,2.8,6.3,0.446,0.344,0.593,0.548,0.809,0.4,2.4,2.8,1.0,0.3,0.2,0.6,1.0,7.4
512,2023,5086,Ochai Agbaji,SG,22.0,UTA,59,22.0,20.5,2.8,6.5,0.427,0.355,0.532,0.532,0.812,0.7,1.3,2.1,1.1,0.3,0.3,0.7,1.7,7.9
513,2023,4555,OG Anunoby,SF,25.0,TOR,67,67.0,35.6,6.3,13.2,0.476,0.387,0.539,0.556,0.838,1.4,3.5,5.0,2.0,1.9,0.7,2.0,3.0,16.8
514,2023,4996,Olivier Sarr,C,23.0,OKC,9,1.0,12.7,1.7,3.3,0.5,0.125,0.636,0.517,0.714,1.3,2.1,3.4,0.4,0.1,0.6,0.4,1.9,4.0
515,2023,4997,Omer Yurtseven,C,24.0,MIA,9,0.0,9.2,1.8,3.0,0.593,0.429,0.65,0.648,0.833,0.9,1.7,2.6,0.2,0.2,0.2,0.4,1.8,4.4
516,2023,4872,Onyeka Okongwu,C,22.0,ATL,80,18.0,23.1,4.0,6.2,0.638,0.308,0.647,0.642,0.781,2.7,4.5,7.2,1.0,0.7,1.3,1.0,3.1,9.9
517,2023,5087,Orlando Robinson,C,22.0,MIA,31,1.0,13.7,1.5,2.9,0.528,0.0,0.566,0.528,0.71,1.5,2.5,4.1,0.8,0.4,0.4,0.5,1.7,3.7
518,2023,4777,Oshae Brissett,SF,24.0,IND,65,2.0,16.7,1.9,4.9,0.386,0.31,0.457,0.461,0.717,1.0,2.4,3.4,0.7,0.5,0.2,0.5,1.2,6.1
519,2023,4189,Otto Porter Jr.,SF,29.0,TOR,8,2.0,18.3,1.9,3.8,0.5,0.353,0.692,0.6,1.0,0.8,1.6,2.4,1.0,1.4,0.0,0.5,0.9,5.5
520,2023,5088,Ousmane Dieng,SF,19.0,OKC,39,1.0,14.6,1.9,4.6,0.42,0.265,0.602,0.492,0.652,0.5,2.2,2.7,1.2,0.4,0.2,0.7,1.1,4.9
521,2023,3698,P.J. Tucker,PF,37.0,PHI,75,75.0,25.6,1.3,3.0,0.427,0.393,0.482,0.549,0.826,1.3,2.7,3.9,0.8,0.5,0.2,0.6,2.4,3.5
522,2023,4778,P.J. Washington,PF,24.0,CHO,73,73.0,32.6,5.9,13.4,0.444,0.348,0.518,0.52,0.73,1.0,3.9,4.9,2.4,0.9,1.1,1.5,2.6,15.7
523,2023,5089,Paolo Banchero,PF,20.0,ORL,72,72.0,33.8,6.7,15.6,0.427,0.298,0.471,0.465,0.738,1.2,5.7,6.9,3.7,0.8,0.5,2.8,2.2,20.0
524,2023,4437,Pascal Siakam,C,28.0,TOR,71,71.0,37.4,8.9,18.5,0.48,0.324,0.523,0.515,0.774,1.8,6.0,7.8,5.8,0.9,0.5,2.4,3.2,24.2
525,2023,4354,Pat Connaughton,SG,30.0,MIL,61,33.0,23.7,2.7,6.9,0.392,0.339,0.566,0.521,0.659,0.8,3.8,4.6,1.3,0.6,0.2,0.5,1.1,7.6
526,2023,5090,Patrick Baldwin Jr.,SF,20.0,GSW,31,0.0,7.3,1.4,3.5,0.394,0.381,0.44,0.541,0.667,0.0,1.3,1.3,0.4,0.2,0.1,0.4,0.5,3.9
527,2023,4124,Patrick Beverley,PG,34.0,TOT,67,67.0,27.1,2.1,5.4,0.4,0.335,0.529,0.511,0.723,0.7,3.0,3.7,2.9,0.9,0.6,0.9,2.8,6.2
530,2023,4873,Patrick Williams,PF,21.0,CHI,82,65.0,28.3,3.8,8.3,0.464,0.415,0.498,0.549,0.857,1.0,3.0,4.0,1.2,0.9,0.9,1.2,1.8,10.2
531,2023,3898,Patty Mills,PG,34.0,BRK,40,2.0,14.2,2.2,5.2,0.411,0.366,0.493,0.529,0.833,0.2,0.9,1.1,1.4,0.4,0.1,0.8,0.8,6.2
532,2023,3969,Paul George,SG,32.0,LAC,56,56.0,34.6,8.2,17.9,0.457,0.371,0.521,0.536,0.871,0.8,5.3,6.1,5.1,1.5,0.4,3.1,2.8,23.8
533,2023,4874,Paul Reed,C,23.0,PHI,69,2.0,10.9,1.8,3.0,0.593,0.167,0.606,0.596,0.745,1.6,2.2,3.8,0.4,0.7,0.7,0.7,1.8,4.2
534,2023,4875,Payton Pritchard,PG,25.0,BOS,48,3.0,13.4,2.1,5.1,0.412,0.364,0.495,0.527,0.75,0.5,1.3,1.8,1.3,0.3,0.0,0.8,0.8,5.6
535,2023,5091,Peyton Watson,SG,20.0,DEN,23,2.0,8.1,1.3,2.6,0.492,0.429,0.511,0.542,0.55,0.3,1.3,1.6,0.5,0.1,0.5,0.3,0.6,3.3
536,2023,4557,PJ Dozier,SG,26.0,SAC,16,0.0,4.9,0.6,2.1,0.303,0.125,0.471,0.333,1000.0,0.1,0.8,0.9,0.6,0.4,0.1,0.3,0.4,1.4
537,2023,4876,Precious Achiuwa,C,23.0,TOR,55,12.0,20.7,3.6,7.3,0.485,0.269,0.564,0.521,0.702,1.8,4.1,6.0,0.9,0.6,0.5,1.1,1.9,9.2
538,2023,5000,Quentin Grimes,SG,22.0,NYK,71,66.0,29.9,4.0,8.5,0.468,0.386,0.641,0.599,0.796,0.7,2.5,3.2,2.1,0.7,0.4,1.0,2.5,11.3
539,2023,5092,Quenton Jackson,PG,24.0,WAS,9,0.0,15.0,2.1,4.7,0.452,0.083,0.6,0.464,0.773,0.2,0.7,0.9,1.7,0.4,0.1,0.4,1.1,6.2
540,2023,4877,R.J. Hampton,PG,21.0,TOT,47,3.0,16.0,2.2,5.0,0.43,0.353,0.504,0.517,0.75,0.4,1.5,1.9,1.1,0.6,0.2,0.9,1.1,6.4
543,2023,5093,RaiQuan Gray,PF,23.0,BRK,1,0.0,35.0,6.0,12.0,0.5,0.4,0.571,0.583,1.0,3.0,6.0,9.0,7.0,0.0,1.0,4.0,5.0,16.0
544,2023,4358,Raul Neto,PG,30.0,CLE,48,1.0,10.5,1.2,2.3,0.518,0.286,0.662,0.573,0.912,0.2,0.8,1.0,1.6,0.4,0.1,0.5,1.0,3.3
545,2023,4194,Reggie Bullock,SF,31.0,DAL,78,55.0,30.3,2.5,6.0,0.409,0.38,0.562,0.569,0.703,0.4,3.2,3.6,1.4,0.7,0.2,0.5,2.1,7.2
546,2023,4050,Reggie Jackson,PG,32.0,TOT,68,40.0,24.4,3.9,9.4,0.411,0.333,0.474,0.486,0.91,0.4,1.8,2.1,3.4,0.7,0.1,1.7,1.7,10.2
549,2023,4359,Richaun Holmes,C,29.0,SAC,42,1.0,8.3,1.3,2.1,0.618,0.625,0.617,0.646,0.789,0.7,1.2,1.9,0.2,0.1,0.3,0.3,1.2,3.1
550,2023,4051,Ricky Rubio,PG,32.0,CLE,33,2.0,17.2,1.8,5.4,0.343,0.256,0.417,0.402,0.8,0.3,1.8,2.1,3.5,0.8,0.2,0.9,1.5,5.2
551,2023,4782,RJ Barrett,SG,22.0,NYK,73,73.0,33.9,7.0,16.1,0.434,0.31,0.495,0.485,0.74,0.8,4.2,5.0,2.8,0.4,0.2,2.2,2.5,19.6
552,2023,4197,Robert Covington,PF,32.0,LAC,48,0.0,16.2,2.1,4.8,0.445,0.397,0.516,0.563,0.75,0.6,2.8,3.5,1.2,0.8,0.7,0.7,1.8,6.0
553,2023,4667,Robert Williams,C,25.0,BOS,35,20.0,23.5,3.6,4.9,0.747,0.0,0.751,0.747,0.61,3.0,5.4,8.3,1.4,0.6,1.4,1.0,1.9,8.0
554,2023,3845,Robin Lopez,C,34.0,CLE,37,2.0,8.1,1.3,2.0,0.64,0.5,0.648,0.653,0.778,0.6,0.8,1.4,0.5,0.1,0.2,0.7,1.2,3.0
555,2023,4443,Rodney McGruder,SG,31.0,DET,32,12.0,16.4,1.9,4.8,0.408,0.423,0.382,0.543,0.818,0.6,1.7,2.3,0.9,0.5,0.0,0.3,1.2,5.7
556,2023,4783,Romeo Langford,SG,23.0,SAS,43,21.0,19.6,2.8,6.0,0.467,0.262,0.53,0.498,0.696,1.3,1.3,2.7,1.2,0.6,0.3,0.7,1.6,6.9
557,2023,5094,Ron Harper Jr.,SF,22.0,TOR,9,0.0,5.3,0.9,1.8,0.5,0.333,0.714,0.594,1.0,0.3,0.4,0.8,0.4,0.0,0.1,0.0,0.3,2.2
558,2023,4560,Royce O'Neale,SF,29.0,BRK,76,53.0,31.7,3.0,7.8,0.386,0.389,0.379,0.524,0.725,0.7,4.3,5.1,3.7,0.9,0.6,1.5,3.1,8.8
559,2023,3713,Rudy Gay,PF,36.0,UTA,56,0.0,14.6,1.9,5.1,0.38,0.254,0.484,0.437,0.857,0.6,2.3,2.9,1.0,0.3,0.3,0.7,1.2,5.2
560,2023,4199,Rudy Gobert,C,30.0,MIN,70,70.0,30.7,5.1,7.8,0.659,0.0,0.663,0.659,0.644,3.3,8.3,11.6,1.2,0.8,1.4,1.7,3.0,13.4
561,2023,4784,Rui Hachimura,PF,24.0,TOT,63,9.0,23.3,4.5,9.3,0.486,0.319,0.55,0.53,0.739,0.8,3.7,4.5,0.9,0.3,0.4,0.8,1.1,11.2
564,2023,3849,Russell Westbrook,PG,34.0,TOT,73,24.0,29.1,5.9,13.6,0.436,0.311,0.487,0.481,0.656,1.2,4.6,5.8,7.5,1.0,0.5,3.5,2.2,15.9
567,2023,4561,Ryan Arcidiacono,PG,28.0,TOT,20,4.0,8.6,0.5,1.9,0.243,0.348,0.071,0.351,1000.0,0.0,0.8,0.8,1.2,0.3,0.0,0.4,0.9,1.3
570,2023,5095,Ryan Rollins,PG,20.0,GSW,12,0.0,5.2,0.6,1.7,0.35,0.333,0.364,0.425,1.0,0.3,0.8,1.0,0.5,0.1,0.1,1.3,0.8,1.9
571,2023,4881,Saben Lee,PG,23.0,TOT,25,1.0,14.9,2.0,4.8,0.405,0.367,0.418,0.45,0.737,0.5,1.3,1.8,2.7,0.8,0.0,1.0,1.3,6.0
574,2023,4882,Saddiq Bey,SF,23.0,TOT,77,37.0,27.6,4.6,10.9,0.422,0.361,0.483,0.513,0.861,1.3,3.4,4.7,1.5,0.9,0.2,0.9,1.6,13.8
577,2023,5003,Sam Hauser,PF,25.0,BOS,80,8.0,16.1,2.3,5.0,0.455,0.418,0.656,0.631,0.706,0.4,2.1,2.6,0.9,0.4,0.3,0.4,1.2,6.4
578,2023,4883,Sam Merrill,SG,26.0,CLE,5,0.0,11.8,1.8,4.4,0.409,0.278,1.0,0.523,1.0,0.0,1.8,1.8,1.0,0.8,0.0,0.0,0.6,5.0
579,2023,5004,Sandro Mamukelashvili,C,23.0,TOT,43,7.0,15.3,2.3,5.3,0.422,0.303,0.511,0.487,0.684,1.6,2.7,4.3,1.4,0.3,0.3,0.8,1.2,6.1
582,2023,5005,Santi Aldama,PF,22.0,MEM,77,20.0,21.8,3.2,6.8,0.47,0.353,0.591,0.56,0.75,1.1,3.7,4.8,1.3,0.6,0.6,0.8,1.9,9.0
583,2023,5006,Scottie Barnes,PF,21.0,TOR,77,76.0,34.8,6.0,13.2,0.456,0.281,0.505,0.487,0.772,2.3,4.3,6.6,4.8,1.1,0.8,2.0,2.2,15.3
584,2023,5096,Scotty Pippen Jr.,PG,22.0,LAL,6,0.0,5.3,0.7,2.0,0.333,0.333,0.333,0.375,0.556,0.3,0.3,0.7,0.3,0.3,0.2,0.3,0.5,2.3
585,2023,3902,Serge Ibaka,C,33.0,MIL,16,0.0,11.6,1.6,3.4,0.481,0.333,0.556,0.537,0.615,0.9,1.8,2.8,0.3,0.1,0.4,0.7,1.4,4.1
586,2023,4203,Seth Curry,SG,32.0,BRK,61,7.0,19.9,3.4,7.4,0.463,0.405,0.525,0.568,0.927,0.2,1.4,1.6,1.6,0.6,0.1,0.8,1.6,9.2
587,2023,5097,Shaedon Sharpe,SG,19.0,POR,80,15.0,22.2,3.8,8.1,0.472,0.36,0.559,0.551,0.714,0.8,2.2,3.0,1.2,0.5,0.3,1.0,1.7,9.9
588,2023,4670,Shai Gilgeous-Alexander,PG,24.0,OKC,68,68.0,35.5,10.4,20.3,0.51,0.345,0.533,0.531,0.905,0.9,4.0,4.8,5.5,1.6,1.0,2.8,2.8,31.4
589,2023,4671,Shake Milton,SG,26.0,PHI,76,11.0,20.6,3.2,6.6,0.479,0.378,0.521,0.535,0.853,0.5,2.0,2.5,3.2,0.3,0.2,1.2,1.6,8.4
590,2023,4563,Shaquille Harrison,SG,29.0,POR,5,0.0,24.0,3.0,7.2,0.417,0.3,0.462,0.458,0.733,0.2,4.2,4.4,6.0,2.2,0.4,1.2,2.4,8.8
591,2023,5098,Simone Fontecchio,SF,27.0,UTA,52,6.0,14.7,2.2,6.0,0.369,0.33,0.43,0.47,0.795,0.6,1.1,1.7,0.8,0.3,0.2,0.8,1.2,6.3
592,2023,4885,Skylar Mays,SG,25.0,POR,6,6.0,31.5,5.7,11.3,0.5,0.462,0.524,0.588,0.923,0.3,2.8,3.2,8.3,1.0,0.2,1.7,1.8,15.3
593,2023,4291,Spencer Dinwiddie,PG,29.0,TOT,79,79.0,34.5,5.8,13.3,0.438,0.369,0.498,0.524,0.812,0.4,3.1,3.4,6.5,0.8,0.3,1.8,2.4,17.3
596,2023,4364,Stanley Johnson,SF,26.0,SAS,30,0.0,15.6,2.2,4.1,0.533,0.45,0.573,0.607,0.667,0.7,2.4,3.2,2.2,0.5,0.2,1.1,1.6,5.8
597,2023,5099,Stanley Umude,SG,23.0,DET,1,0.0,2.0,0.0,1.0,0.0,0.0,1000.0,0.0,1.0,0.0,0.0,0.0,0.0,1.0,1.0,0.0,0.0,2.0
598,2023,3903,Stephen Curry,PG,34.0,GSW,56,56.0,34.7,10.0,20.2,0.493,0.427,0.579,0.614,0.915,0.7,5.4,6.1,6.3,0.9,0.4,3.2,2.1,29.4
599,2023,4565,Sterling Brown,SG,27.0,LAL,4,0.0,6.0,0.0,1.0,0.0,0.0,0.0,0.0,1000.0,0.8,1.3,2.0,0.5,0.8,0.0,0.0,1.0,0.0
600,2023,4208,Steven Adams,C,29.0,MEM,42,42.0,27.0,3.7,6.3,0.597,0.0,0.599,0.597,0.364,5.1,6.5,11.5,2.3,0.9,1.1,1.9,2.3,8.6
601,2023,4672,Svi Mykhailiuk,SF,25.0,TOT,32,8.0,14.6,2.4,5.4,0.445,0.424,0.473,0.566,0.667,0.5,1.2,1.7,1.7,0.5,0.1,0.8,0.7,6.9
604,2023,4365,T.J. McConnell,PG,30.0,IND,75,6.0,20.3,3.8,6.9,0.543,0.441,0.556,0.568,0.853,0.6,2.5,3.1,5.3,1.1,0.1,1.9,1.4,8.7
605,2023,4292,T.J. Warren,PF-SF,29.0,TOT,42,0.0,16.4,3.1,6.4,0.489,0.328,0.542,0.53,0.8,0.6,2.3,2.9,1.0,0.5,0.3,0.5,1.5,7.5
608,2023,3905,Taj Gibson,C,37.0,WAS,49,2.0,9.8,1.3,2.6,0.52,0.333,0.564,0.552,0.714,0.7,1.2,1.9,0.7,0.3,0.2,0.5,1.7,3.4
609,2023,4789,Talen Horton-Tucker,SG,22.0,UTA,65,20.0,20.2,4.0,9.4,0.419,0.286,0.485,0.467,0.75,0.6,2.6,3.2,3.8,0.6,0.4,1.9,1.7,10.7
610,2023,5100,Tari Eason,PF,21.0,HOU,82,5.0,21.5,3.6,8.0,0.448,0.343,0.486,0.493,0.752,2.4,3.7,6.0,1.1,1.2,0.6,1.2,2.3,9.3
611,2023,4450,Taurean Prince,SF,28.0,MIN,54,4.0,22.1,3.3,7.0,0.467,0.381,0.557,0.565,0.844,0.3,2.2,2.4,1.6,0.5,0.3,1.3,2.3,9.1
612,2023,4791,Terance Mann,SG,26.0,LAC,81,36.0,23.1,3.4,6.5,0.519,0.389,0.598,0.593,0.78,1.0,2.5,3.4,2.3,0.5,0.3,1.0,1.8,8.8
613,2023,4792,Terence Davis,SG,25.0,SAC,64,5.0,13.1,2.4,5.7,0.423,0.366,0.537,0.545,0.791,0.3,1.9,2.2,1.0,0.7,0.2,0.8,1.6,6.7
614,2023,4131,Terrence Ross,SG,31.0,TOT,63,9.0,21.1,3.2,7.4,0.43,0.368,0.507,0.532,0.794,0.3,2.1,2.4,1.5,0.6,0.2,0.7,1.5,8.3
617,2023,4366,Terry Rozier,SG,28.0,CHO,63,63.0,35.3,7.8,18.9,0.415,0.327,0.48,0.484,0.809,0.8,3.3,4.1,5.1,1.2,0.3,2.1,1.9,21.1
618,2023,5010,Terry Taylor,PF,23.0,TOT,31,2.0,8.5,1.3,2.4,0.52,0.263,0.607,0.553,0.545,0.9,0.6,1.5,0.3,0.1,0.2,0.3,0.8,2.9
621,2023,3791,Thaddeus Young,PF,34.0,TOR,54,9.0,14.7,2.0,3.7,0.545,0.176,0.622,0.561,0.692,1.3,1.8,3.1,1.4,1.0,0.1,0.8,1.6,4.4
622,2023,4367,Thanasis Antetokounmpo,SF,30.0,MIL,37,0.0,5.6,0.5,1.2,0.435,0.0,0.526,0.435,0.5,0.4,0.8,1.2,0.4,0.1,0.1,0.3,0.6,1.4
623,2023,4886,Théo Maledon,PG,21.0,CHO,44,7.0,19.4,2.3,5.8,0.402,0.295,0.465,0.457,0.851,0.3,2.5,2.8,3.5,0.8,0.3,1.3,1.4,6.7
624,2023,4674,Theo Pinson,SG,27.0,DAL,40,1.0,8.1,0.8,2.2,0.356,0.355,0.36,0.483,0.846,0.3,1.3,1.6,1.2,0.2,0.0,0.3,0.9,2.4
625,2023,4568,Thomas Bryant,C,25.0,TOT,59,26.0,18.3,3.9,6.3,0.623,0.441,0.658,0.659,0.738,1.5,4.3,5.7,0.5,0.3,0.5,0.6,1.7,9.8
628,2023,4209,Tim Hardaway Jr.,SG,30.0,DAL,71,45.0,30.3,4.8,11.9,0.401,0.385,0.431,0.527,0.77,0.3,3.2,3.5,1.8,0.7,0.2,0.8,1.7,14.4
629,2023,4055,Tobias Harris,PF,30.0,PHI,74,74.0,32.9,5.7,11.4,0.501,0.389,0.57,0.575,0.876,0.9,4.8,5.7,2.5,0.9,0.5,1.2,2.0,14.7
630,2023,4569,Tony Bradley,C,25.0,CHI,12,0.0,2.8,0.5,1.0,0.5,0.6,0.429,0.625,1.0,0.1,0.8,0.9,0.1,0.1,0.1,0.1,0.2,1.6
631,2023,4570,Torrey Craig,SF,32.0,PHO,79,60.0,24.7,2.9,6.3,0.456,0.395,0.518,0.556,0.711,1.8,3.6,5.4,1.5,0.6,0.8,0.9,2.3,7.4
632,2023,4676,Trae Young,PG,24.0,ATL,73,73.0,34.8,8.2,19.0,0.429,0.335,0.476,0.485,0.886,0.8,2.2,3.0,10.2,1.1,0.1,4.1,1.4,26.2
633,2023,4887,Tre Jones,PG,23.0,SAS,68,65.0,29.2,5.0,10.9,0.459,0.285,0.506,0.489,0.86,0.8,2.8,3.6,6.6,1.3,0.1,1.6,1.4,12.9
634,2023,5012,Tre Mann,PG,21.0,OKC,67,5.0,17.7,2.9,7.5,0.393,0.315,0.475,0.474,0.764,0.4,1.9,2.3,1.8,0.6,0.2,0.9,1.5,7.7
635,2023,5014,Trendon Watford,PF,22.0,POR,62,12.0,19.1,2.9,5.2,0.56,0.391,0.602,0.599,0.72,0.7,3.2,3.8,2.1,0.5,0.2,1.1,1.9,7.4
636,2023,4888,Trent Forrest,PG,24.0,ATL,23,3.0,12.0,1.1,2.6,0.417,0.0,0.431,0.417,0.667,0.2,1.4,1.6,1.7,0.3,0.1,0.7,0.7,2.3
637,2023,5015,Trevelin Queen,SG,25.0,IND,7,0.0,10.0,1.0,4.1,0.241,0.133,0.357,0.276,1.0,1.1,1.3,2.4,0.9,0.3,0.7,1.0,0.6,3.0
638,2023,5101,Trevor Hudgins,PG,23.0,HOU,5,0.0,5.6,0.4,1.8,0.222,0.25,0.0,0.333,1.0,0.0,0.0,0.0,0.6,0.0,0.0,0.2,0.2,1.8
639,2023,5102,Trevor Keels,SG,19.0,NYK,3,0.0,2.7,0.3,1.3,0.25,0.25,1000.0,0.375,1000.0,0.0,0.7,0.7,0.0,0.0,0.0,0.0,0.0,1.0
640,2023,4369,Trey Lyles,PF,27.0,SAC,74,0.0,16.9,2.5,5.5,0.458,0.363,0.595,0.565,0.815,0.9,3.1,4.1,0.9,0.4,0.4,0.9,1.3,7.6
641,2023,5016,Trey Murphy III,SF,22.0,NOP,79,65.0,31.0,4.9,10.1,0.484,0.406,0.611,0.61,0.905,0.7,2.8,3.6,1.4,1.1,0.5,0.8,2.0,14.5
642,2023,4678,Troy Brown Jr.,SF,23.0,LAL,76,45.0,24.5,2.6,6.1,0.43,0.381,0.505,0.545,0.872,0.8,3.2,4.1,1.3,0.8,0.2,0.6,1.6,7.1
643,2023,4794,Ty Jerome,SG,25.0,GSW,45,2.0,18.1,2.6,5.4,0.488,0.389,0.546,0.56,0.927,0.2,1.6,1.7,3.0,0.5,0.1,0.7,1.4,6.9
644,2023,4573,Tyler Dorsey,SG,26.0,DAL,3,0.0,2.7,1.3,1.7,0.8,0.5,1.0,0.9,1000.0,0.3,0.3,0.7,0.0,0.0,0.0,0.0,0.0,3.0
645,2023,4796,Tyler Herro,SG,23.0,MIA,67,67.0,34.9,7.3,16.6,0.439,0.378,0.497,0.531,0.934,0.4,5.0,5.4,4.2,0.8,0.2,2.4,1.5,20.1
646,2023,4892,Tyrese Haliburton,PG,22.0,IND,56,56.0,33.6,7.4,15.0,0.49,0.4,0.572,0.586,0.871,0.6,3.1,3.7,10.4,1.6,0.4,2.5,1.2,20.7
647,2023,5103,Tyrese Martin,SG,23.0,ATL,16,0.0,4.1,0.6,1.4,0.391,0.143,0.5,0.413,1.0,0.3,0.4,0.8,0.1,0.1,0.0,0.1,0.1,1.3
648,2023,4893,Tyrese Maxey,SG,22.0,PHI,60,41.0,33.6,7.3,15.2,0.481,0.434,0.513,0.568,0.845,0.4,2.6,2.9,3.5,0.8,0.1,1.3,2.2,20.3
649,2023,5104,TyTy Washington Jr.,PG,21.0,HOU,31,2.0,14.0,1.9,5.2,0.363,0.238,0.488,0.422,0.556,0.1,1.4,1.5,1.5,0.5,0.1,0.5,0.9,4.7
650,2023,4370,Tyus Jones,PG,26.0,MEM,80,22.0,24.3,3.9,8.9,0.438,0.371,0.495,0.523,0.8,0.4,2.2,2.5,5.2,1.0,0.1,0.9,0.4,10.3
651,2023,4894,Udoka Azubuike,C,23.0,UTA,36,4.0,10.0,1.6,2.0,0.819,1000.0,0.819,0.819,0.35,0.9,2.4,3.3,0.3,0.2,0.4,0.5,0.9,3.5
652,2023,3491,Udonis Haslem,C,42.0,MIA,7,1.0,10.1,1.4,4.1,0.345,0.333,0.35,0.397,0.8,0.6,1.0,1.6,0.0,0.1,0.3,0.1,1.6,3.9
653,2023,5018,Usman Garuba,PF,20.0,HOU,75,1.0,12.9,1.1,2.4,0.486,0.407,0.525,0.554,0.617,1.6,2.5,4.1,0.9,0.6,0.4,0.6,1.8,3.0
654,2023,4895,Vernon Carey Jr.,C,21.0,WAS,11,0.0,2.5,0.2,0.7,0.25,1000.0,0.25,0.25,1.0,0.3,0.7,1.0,0.3,0.2,0.2,0.2,0.5,0.5
655,2023,4217,Victor Oladipo,SG,30.0,MIA,42,2.0,26.3,3.8,9.6,0.397,0.33,0.471,0.484,0.747,0.4,2.7,3.0,3.5,1.4,0.3,2.1,2.4,10.7
656,2023,5105,Vince Williams Jr.,SG,22.0,MEM,15,1.0,7.0,0.8,2.7,0.3,0.143,0.667,0.35,1.0,0.3,0.7,1.0,0.3,0.4,0.1,0.3,0.8,2.0
657,2023,5019,Vit Krejci,PG,22.0,ATL,29,0.0,5.7,0.5,1.3,0.405,0.238,0.625,0.473,0.5,0.2,0.7,0.9,0.6,0.2,0.0,0.2,0.6,1.2
658,2023,4799,Vlatko Čančar,PF,25.0,DEN,60,9.0,14.8,1.8,3.8,0.476,0.374,0.58,0.57,0.927,0.4,1.7,2.1,1.3,0.4,0.2,0.6,1.4,5.0
659,2023,5106,Walker Kessler,C,21.0,UTA,74,40.0,23.0,4.0,5.6,0.72,0.333,0.723,0.721,0.516,3.1,5.3,8.4,0.9,0.4,2.3,0.8,2.3,9.2
660,2023,4682,Wendell Carter Jr.,C,23.0,ORL,57,54.0,29.6,5.6,10.8,0.525,0.356,0.624,0.591,0.738,2.1,6.6,8.7,2.3,0.5,0.6,1.9,2.8,15.2
661,2023,5107,Wendell Moore Jr.,SG,21.0,MIN,29,2.0,5.3,0.6,1.5,0.419,0.118,0.615,0.442,0.8,0.1,0.5,0.6,0.6,0.3,0.2,0.3,0.4,1.4
662,2023,4800,Wenyen Gabriel,PF,25.0,LAL,68,2.0,15.1,2.3,3.8,0.596,0.278,0.647,0.615,0.619,1.7,2.5,4.2,0.5,0.4,0.5,0.7,2.1,5.5
663,2023,3914,Wesley Matthews,SG,36.0,MIL,52,0.0,15.8,1.1,3.1,0.363,0.315,0.528,0.484,0.857,0.7,1.5,2.2,0.7,0.4,0.3,0.3,1.4,3.4
664,2023,4140,Will Barton,SG,32.0,TOT,56,2.0,17.7,2.5,6.5,0.379,0.367,0.391,0.47,0.787,0.3,2.2,2.4,2.0,0.5,0.2,0.9,1.0,6.8
667,2023,4460,Willy Hernangómez,C,28.0,NOP,38,2.0,12.1,2.3,4.4,0.527,0.273,0.544,0.536,0.779,1.5,3.2,4.7,0.9,0.4,0.3,1.0,1.7,6.9
668,2023,5108,Xavier Cooks,PF,27.0,WAS,10,1.0,12.6,1.7,2.8,0.607,0.0,0.63,0.607,0.4,1.6,2.2,3.8,0.6,0.6,0.4,0.8,1.3,3.8
669,2023,5020,Xavier Moon,SG,28.0,LAC,4,0.0,5.0,0.8,2.3,0.333,0.333,0.333,0.389,1000.0,0.0,0.8,0.8,1.3,0.0,0.0,0.3,0.5,1.8
670,2023,5021,Xavier Sneed,SF,25.0,CHO,4,0.0,12.0,1.3,2.5,0.5,0.5,0.5,0.65,1.0,0.0,1.3,1.3,1.3,0.0,0.3,0.8,1.8,4.3
671,2023,4897,Xavier Tillman Sr.,PF,24.0,MEM,61,29.0,19.3,3.1,5.0,0.614,0.267,0.632,0.621,0.551,2.0,3.0,5.0,1.6,1.0,0.5,0.7,1.6,7.0
672,2023,4684,Yuta Watanabe,SF,28.0,BRK,58,1.0,16.0,2.0,4.0,0.491,0.444,0.557,0.621,0.723,0.5,1.9,2.4,0.8,0.4,0.3,0.4,1.4,5.6
673,2023,4580,Zach Collins,C,25.0,SAS,63,26.0,22.9,4.5,8.7,0.518,0.374,0.571,0.568,0.761,1.8,4.5,6.4,2.9,0.6,0.8,2.0,3.2,11.6
674,2023,4299,Zach LaVine,SG,27.0,CHI,77,77.0,35.9,8.7,18.0,0.485,0.375,0.556,0.558,0.848,0.5,3.9,4.5,4.2,0.9,0.2,2.5,2.1,24.8
675,2023,4898,Zeke Nnaji,PF,22.0,DEN,53,5.0,13.7,2.1,3.7,0.561,0.262,0.71,0.605,0.645,1.2,1.4,2.6,0.3,0.3,0.4,0.6,2.0,5.2
676,2023,5024,Ziaire Williams,SF,21.0,MEM,37,4.0,15.2,2.3,5.3,0.429,0.258,0.596,0.492,0.773,0.4,1.7,2.1,0.9,0.4,0.2,1.0,1.6,5.7
677,2023,4803,Zion Williamson,PF,22.0,NOP,29,29.0,33.0,9.8,16.2,0.608,0.368,0.618,0.615,0.714,2.0,5.0,7.0,4.6,1.1,0.6,3.4,2.2,26.0
